drink_name,ingredient,measurement,unit
Lady Joy,lemon rum,0.6666666666666666,fluid ounce
Lady Joy,Blue Curacao,0.6666666666666666,fluid ounce
Lady Joy,champagne,6.0,fluid ounces
Lady Joy,"twist lemon zest, garnish",1.0,
Mai Tai,spiced rum,1.5,fluid ounce
Mai Tai,coconut-flavored rum,0.75,fluid ounce
Mai Tai,grenadine syrup,1.0,teaspoon
Mai Tai,pineapple juice,3.0,fluid ounces
Mai Tai,orange juice,2.0,fluid ounces
Mai Tai,ice cubes,1.0,cup
Mojito Perfecto,mint leaves,6.0,
Mojito Perfecto,white sugar,4.0,teaspoons
Mojito Perfecto,"lime, cut into 6 wedges",1.0,
Mojito Perfecto,lemon-flavored rum,3.0,fluid ounce
Mojito Perfecto,"ice cubes, or as needed",1.0,cup
Mojito Perfecto,"carbonated water, or as needed",0.5,cup
Caribbean Rum Punch,fresh lime juice,1.0,cup
Caribbean Rum Punch,simple syrup,2.0,cups
Caribbean Rum Punch,amber rum,3.0,cups
Caribbean Rum Punch,orange juice,4.0,cups
Caribbean Rum Punch,bitters,4.0,dashes
Caribbean Rum Punch,freshly grated nutmeg,N/A,N/A
Pina Colada III,coconut milk,1.0,cup
Pina Colada III,pineapple juice,1.0,cup
Pina Colada III,rum,0.5,cup
Pina Colada III,white sugar,4.0,tablespoons
Pina Colada III,cubes ice,8.0,
Froen Lime Daiquiri,frozen limeade concentrate,12.0,fluid ounce
Froen Lime Daiquiri,rum,12.0,fluid ounces
Froen Lime Daiquiri,tray ice cubes,1.0,
Dark n Stormy Cocktail,dark rum,2.0,fluid ounces
Dark n Stormy Cocktail,ginger beer,4.0,fluid ounces
Dark n Stormy Cocktail,ice,0.5,cup
Absolute Stress,vodka,1.0,fluid ounce
Absolute Stress,dark rum,1.0,fluid ounce
Absolute Stress,peach schnapps,1.0,fluid ounce
Absolute Stress,orange juice,1.0,fluid ounce
Absolute Stress,cranberry juice,1.0,fluid ounce
Shaggys Hana Bay Frootie Joy,rum,4.0,fluid ounces
Shaggys Hana Bay Frootie Joy,fresh coconut-pineapple juice,1.0,cup
Shaggys Hana Bay Frootie Joy,cubes ice,4.0,
Amaingly Good Eggnog,milk,4.0,cups
Amaingly Good Eggnog,whole cloves,5.0,
Amaingly Good Eggnog,vanilla extract,0.5,teaspoon
Amaingly Good Eggnog,ground cinnamon,1.0,teaspoon
Amaingly Good Eggnog,egg yolks,12.0,
Amaingly Good Eggnog,sugar,5.5,cups
Amaingly Good Eggnog,light rum,10.5,cups
Amaingly Good Eggnog,light cream,4.0,cups
Amaingly Good Eggnog,vanilla extract,2.0,teaspoons
Amaingly Good Eggnog,ground nutmeg,0.5,teaspoon
Classic Spanish Sangria,lemon,1.0,
Classic Spanish Sangria,lime,1.0,
Classic Spanish Sangria,orange,1.0,
Classic Spanish Sangria,rum,5.5,cups
Classic Spanish Sangria,white sugar,0.5,cup
Classic Spanish Sangria,dry red wine,750.0,milliliter
Classic Spanish Sangria,orange juice,1.0,cup
The Real Mojito,fresh mint leaves,10.0,
The Real Mojito,"lime, cut into 4 wedges",0.5,
The Real Mojito,"white sugar, or to taste",2.0,tablespoons
The Real Mojito,ice cubes,1.0,cup
The Real Mojito,white rum,5.5,fluid ounces
The Real Mojito,club soda,0.5,cup
Hot Buttered Rum Batter,pound butter,1.0,
Hot Buttered Rum Batter,pound brown sugar,1.0,
Hot Buttered Rum Batter,pound confectioners' sugar,1.0,
Hot Buttered Rum Batter,"quart vanilla ice cream, softened",1.0,
Hot Buttered Rum Batter,ground cinnamon,1.0,tablespoon
Hot Buttered Rum Batter,ground nutmeg,1.0,teaspoon
Coquito,"egg yolks, beaten",2.0,
Coquito,evaporated milk,12.0,fluid ounce
Coquito,cream of coconut,14.0,ounce
Coquito,sweetened condensed milk,14.0,ounce
Coquito,white rum,0.5,cup
Coquito,water,0.5,cup
Coquito,ground cloves,0.25,teaspoon
Coquito,ground cinnamon,0.5,teaspoon
Coquito,vanilla extract,1.0,teaspoon
Bikini Martini,coconut rum,1.0,fluid ounce
Bikini Martini,vodka,0.75,fluid ounce
Bikini Martini,pineapple juice,1.0,fluid ounce
Bikini Martini,grenadine syrup,1.0,dash
Green Grog,frozen limeade concentrate,24.0,fluid ounce
Green Grog,frozen lemonade concentrate,24.0,fluid ounce
Green Grog,lemon-lime flavored carbonated beverage,4.0,liter
Green Grog,rum,750.0,milliliter
Green Grog,quarts lime sherbet,2.0,
Bahama Mama,rum,0.5,fluid ounce
Bahama Mama,coconut-flavored rum,0.5,fluid ounce
Bahama Mama,grenadine syrup,0.5,fluid ounce
Bahama Mama,orange juice,1.0,fluid ounce
Bahama Mama,pineapple juice,1.0,fluid ounce
Bahama Mama,crushed ice,1.0,cup
Best Strawberry Daiquiri,ice,6.0,cups
Best Strawberry Daiquiri,white sugar,0.5,cup
Best Strawberry Daiquiri,frozen strawberries,4.0,ounces
Best Strawberry Daiquiri,lime juice,0.125,cup
Best Strawberry Daiquiri,lemon juice,0.5,cup
Best Strawberry Daiquiri,rum,0.75,cup
Best Strawberry Daiquiri,lemon-lime flavored carbonated beverage,0.25,cup
Colonial Hot Buttered Rum,brown sugar,2.0,cups
Colonial Hot Buttered Rum,butter,0.5,cup
Colonial Hot Buttered Rum,salt,1.0,pinch
Colonial Hot Buttered Rum,quarts hot water,2.0,
Colonial Hot Buttered Rum,cinnamon sticks,3.0,
Colonial Hot Buttered Rum,whole cloves,6.0,
Colonial Hot Buttered Rum,rum,2.0,cups
Colonial Hot Buttered Rum,sweetened whipped cream,1.0,cup
Colonial Hot Buttered Rum,ground nutmeg to taste,N/A,N/A
Hot Spiked Cider,quart water,1.0,
Hot Spiked Cider,orange spice tea bags,3.0,
Hot Spiked Cider,light brown sugar,0.5,cup
Hot Spiked Cider,apple cider,2.0,cups
Hot Spiked Cider,light rum,5.5,cups
Hot Spiked Cider,cinnamon sticks,8.0,
Hot Spiked Cider,butter,3.0,teaspoons
Christmas Creamy Eggnog,egg yolks,4.0,
Christmas Creamy Eggnog,sweetened condensed milk,5.0,ounce
Christmas Creamy Eggnog,white sugar,1.0,tablespoon
Christmas Creamy Eggnog,vanilla extract,1.0,teaspoon
Christmas Creamy Eggnog,milk,20.5,cups
Christmas Creamy Eggnog,egg whites,4.0,
Christmas Creamy Eggnog,rum,1.0,fluid ounce
Christmas Creamy Eggnog,ground nutmeg,0.25,teaspoon
The Perfect Mai Tai,light rum,2.0,cups
The Perfect Mai Tai,dark rum,1.0,cup
The Perfect Mai Tai,151 proof rum,1.0,cup
The Perfect Mai Tai,orange curacao (orange flavored liqueur),1.0,cup
The Perfect Mai Tai,almond flavored syrup,1.0,cup
The Perfect Mai Tai,simple syrup,1.0,cup
The Perfect Mai Tai,"limes, juiced",10.0,
The Perfect Mai Tai,gallon fresh orange juice,0.5,
Pina Colada Punch,"gallon vanilla ice cream, softened",0.5,
Pina Colada Punch,crushed pineapple,20.0,ounce
Pina Colada Punch,sweetened cream of coconut (such as Coco Lopez),8.0,ounce
Pina Colada Punch,pineapple juice,46.0,fluid ounce
Pina Colada Punch,light rum,2.0,cups
Pina Colada Punch,lemon-lime flavored carbonated beverage,2.0,liter
RumSpiked Horchata,uncooked long grain rice,1.0,cup
RumSpiked Horchata,quarts warm water,2.0,
RumSpiked Horchata,ground cinnamon,0.5,teaspoon
RumSpiked Horchata,milk,2.75,cups
RumSpiked Horchata,sweetened condensed milk,14.0,ounce
RumSpiked Horchata,vanilla extract,1.0,teaspoon
RumSpiked Horchata,"rum, or to taste (optional)",0.25,cup
RumSpiked Horchata,cubes ice,16.0,
Mrs Baxtons Long Island Iced Tea,vodka,1.0,fluid ounce
Mrs Baxtons Long Island Iced Tea,gold tequila,1.0,fluid ounce
Mrs Baxtons Long Island Iced Tea,rum,1.0,fluid ounce
Mrs Baxtons Long Island Iced Tea,gin,1.0,fluid ounce
Mrs Baxtons Long Island Iced Tea,Cointreau or triple sec,1.0,fluid ounce
Mrs Baxtons Long Island Iced Tea,sweet and sour mix,5.0,fluid ounces
Mrs Baxtons Long Island Iced Tea,cola,2.0,fluid ounces
Mrs Baxtons Long Island Iced Tea,lime wedge,1.0,
Hurricane I,amaretto liqueur,1.5,fluid ounce
Hurricane I,light rum,1.0,fluid ounce
Hurricane I,dark rum,1.0,fluid ounce
Hurricane I,orange juice,6.0,fluid ounces
Hurricane I,pineapple juice,6.0,fluid ounces
Hurricane I,lemon juice,1.0,teaspoon
Hurricane I,grenadine syrup,1.0,dash
Hurricane I,"orange, sliced into rounds",1.0,
Hurricane I,maraschino cherry,1.0,
Sloe Gin Fi Cocktail,ice cubes,2.0,
Sloe Gin Fi Cocktail,sloe gin,2.0,fluid ounces
Sloe Gin Fi Cocktail,lemon juice,1.0,fluid ounce
Sloe Gin Fi Cocktail,simple syrup,1.0,teaspoon
Sloe Gin Fi Cocktail,ice,1.0,cup
Sloe Gin Fi Cocktail,club soda,4.0,fluid ounces
Sloe Gin Fi Cocktail,slice lemon,1.0,
Shaggys Perfect Martini,dry vermouth,0.5,fluid ounce
Shaggys Perfect Martini,gin,4.0,fluid ounces
Shaggys Perfect Martini,pimento-stuffed green olives,2.0,
Tom Collins,gin,2.0,fluid ounces
Tom Collins,lemon juice,2.0,fluid ounces
Tom Collins,simple syrup,1.0,fluid ounce
Tom Collins,bitters,1.0,dash
Tom Collins,ice cubes,1.0,cup
Tom Collins,cold club soda,0.25,cup
Tom Collins,"slice lemon, for garnish",1.0,
Tom Collins,maraschino cherry,1.0,
StrawberryGin Cocktail,strawberry,1.0,
StrawberryGin Cocktail,fresh basil leaves,2.0,
StrawberryGin Cocktail,white sugar,2.0,teaspoons
StrawberryGin Cocktail,ice cubes,N/A,N/A
StrawberryGin Cocktail,gin,2.0,fluid ounces
StrawberryGin Cocktail,fresh lemon juice,1.0,fluid ounce
StrawberryGin Cocktail,chilled club soda,3.0,fluid ounces
Gin Slush,water,9.0,cups
Gin Slush,white sugar,2.0,cups
Gin Slush,frozen orange juice concentrate,12.0,fluid ounce
Gin Slush,frozen lemonade concentrate,12.0,fluid ounce
Gin Slush,gin,2.0,cups
Froen Summer Slush,white sugar,2.0,cups
Froen Summer Slush,water,7.0,cups
Froen Summer Slush,tea bags,4.0,
Froen Summer Slush,boiling water,2.0,cups
Froen Summer Slush,frozen lemonade concentrate,12.0,fluid ounce
Froen Summer Slush,frozen orange juice concentrate,12.0,fluid ounce
Froen Summer Slush,gin,2.0,cups
The REAL Long Island Iced Tea,vodka,0.5,fluid ounce
The REAL Long Island Iced Tea,rum,0.5,fluid ounce
The REAL Long Island Iced Tea,gin,0.5,fluid ounce
The REAL Long Island Iced Tea,tequila,0.5,fluid ounce
The REAL Long Island Iced Tea,triple sec (orange-flavored liqueur),0.5,fluid ounce
The REAL Long Island Iced Tea,sweet and sour mix,1.0,fluid ounce
The REAL Long Island Iced Tea,"cola, or to taste",1.0,fluid ounce
The REAL Long Island Iced Tea,lemon slice,1.0,
Gin and Tonic,cubes ice,4.0,
Gin and Tonic,gin,2.0,fluid ounces
Gin and Tonic,tonic water,4.0,fluid ounces
Gin and Tonic,fresh lime juice,1.0,tablespoon
Gin and Tonic,lime wedge,1.0,
Earl Grey Martini,Earl Grey tea leaves,1.0,teaspoon
Earl Grey Martini,gin,3.0,fluid ounce
Earl Grey Martini,"white sugar, for rimming",N/A,N/A
Earl Grey Martini,wedge lemon,1.0,
Earl Grey Martini,fresh lemon juice,1.5,fluid ounce
Earl Grey Martini,simple syrup,2.0,fluid ounces
Big Kevs Texas Style Long Island Iced Tea,vodka,1.0,fluid ounce
Big Kevs Texas Style Long Island Iced Tea,dry gin,1.0,fluid ounce
Big Kevs Texas Style Long Island Iced Tea,triple sec (orange-flavored liqueur),1.0,fluid ounce
Big Kevs Texas Style Long Island Iced Tea,rum,1.0,fluid ounce
Big Kevs Texas Style Long Island Iced Tea,tequila,1.0,fluid ounce
Big Kevs Texas Style Long Island Iced Tea,cola-flavored carbonated beverage,12.0,fluid ounce
Big Kevs Texas Style Long Island Iced Tea,wedge lemon,1.0,
Big Kevs Texas Style Long Island Iced Tea,wedge lime,1.0,
Long Island Iced Tea,vodka,1.5,fluid ounce
Long Island Iced Tea,gin,1.5,fluid ounce
Long Island Iced Tea,rum,1.5,fluid ounce
Long Island Iced Tea,triple sec liqueur,1.5,fluid ounce
Long Island Iced Tea,tequila,1.0,teaspoon
Long Island Iced Tea,orange juice,2.0,teaspoons
Long Island Iced Tea,cola-flavored carbonated beverage,2.0,fluid ounces
Long Island Iced Tea,wedge lemon,1.0,
Blue Motorcycle,ice cubes,2.0,cups
Blue Motorcycle,vodka,0.75,fluid ounce
Blue Motorcycle,tequila,0.75,fluid ounce
Blue Motorcycle,rum,0.75,fluid ounce
Blue Motorcycle,gin,0.75,fluid ounce
Blue Motorcycle,Blue Curacao,0.75,fluid ounce
Blue Motorcycle,sour mix,1.0,dash
Blue Motorcycle,lemon-lime flavored carbonated beverage,2.0,fluid ounces
Blue Motorcycle,slice fresh lemon,1.0,
Pink Panties,frozen pink lemonade concentrate,12.0,fluid ounce
Pink Panties,gin,12.0,fluid ounces
Pink Panties,vanilla ice cream,0.5,cup
Pink Panties,frozen strawberries,0.5,cup
Pink Panties,crushed ice,1.0,cup
Baltimore Zoo,ice cubes,N/A,N/A
Baltimore Zoo,silver tequila,0.5,fluid ounce
Baltimore Zoo,gin,0.5,fluid ounce
Baltimore Zoo,white rum,0.5,fluid ounce
Baltimore Zoo,vodka,0.5,fluid ounce
Baltimore Zoo,triple sec,0.5,fluid ounce
Baltimore Zoo,orange juice,3.0,fluid ounces
Baltimore Zoo,grenadine syrup,3.0,fluid ounces
Baltimore Zoo,beer (such as Budweiser®),4.0,fluid ounces
Genes Long Island Iced Tea,vodka,1.0,fluid ounce
Genes Long Island Iced Tea,gin,1.0,fluid ounce
Genes Long Island Iced Tea,triple sec liqueur,1.0,fluid ounce
Genes Long Island Iced Tea,rum,1.0,fluid ounce
Genes Long Island Iced Tea,cola-flavored carbonated beverage,12.0,fluid ounce
Scorpion Bowl,crushed ice,3.0,cups
Scorpion Bowl,gin,2.0,fluid ounces
Scorpion Bowl,dark rum,1.0,fluid ounce
Scorpion Bowl,151 proof rum,2.0,fluid ounces
Scorpion Bowl,light rum,2.0,fluid ounces
Scorpion Bowl,vodka,2.0,fluid ounces
Scorpion Bowl,grenadine syrup,2.0,fluid ounces
Scorpion Bowl,fresh orange juice,8.0,fluid ounces
Scorpion Bowl,pineapple juice,10.0,fluid ounces
Scorpion Bowl,fresh lemon juice (optional),3.0,fluid ounces
Scorpion Bowl,pineapple chunks,4.0,
Scorpion Bowl,maraschino cherries,8.0,
LimeAid,frozen limeade concentrate,6.0,ounce
LimeAid,tray ice cubes,1.0,
LimeAid,water,3.0,fluid ounces
LimeAid,vodka,3.0,fluid ounces
LimeAid,"lime, sliced",1.0,
Storm of the Century Hurricane,ice cubes,1.0,cup
Storm of the Century Hurricane,light rum,1.0,fluid ounce
Storm of the Century Hurricane,dark rum,1.0,fluid ounce
Storm of the Century Hurricane,coconut rum,1.0,fluid ounce
Storm of the Century Hurricane,vodka,1.0,fluid ounce
Storm of the Century Hurricane,gin,1.0,fluid ounce
Storm of the Century Hurricane,Chambord (raspberry liqueur),1.0,fluid ounce
Storm of the Century Hurricane,triple sec liqueur,1.0,fluid ounce
Storm of the Century Hurricane,orange juice,3.0,fluid ounces
Storm of the Century Hurricane,orange slices for garnish (optional),N/A,N/A
Storm of the Century Hurricane,maraschino cherry for garnish (optional),N/A,N/A
Salty Dog II,dry gin,1.5,fluid ounce
Salty Dog II,grapefruit juice,5.0,fluid ounces
Salty Dog II,salt,0.25,teaspoon
Bees Knees II,pineapple juice,46.0,fluid ounce
Bees Knees II,grapefruit juice,46.0,fluid ounce
Bees Knees II,) jar honey,1.0,(8 ounce
Bees Knees II,gin,2.0,cups
Toy Soldiers,fruit punch,92.0,fluid ounce
Toy Soldiers,sloe gin,1.0,pint
Toy Soldiers,vodka,1.0,pint
Toy Soldiers,ice,8.0,cups
Cranberry Juice Surprise,cranberry juice,0.5,cup
Cranberry Juice Surprise,bourbon whiskey,0.5,cup
Cranberry Juice Surprise,lemon-lime flavored soda,12.0,fluid ounce
Cranberry Juice Surprise,"ice cubes, as needed",N/A,N/A
Shaggys Manhattan,sweet vermouth,1.0,fluid ounce
Shaggys Manhattan,bourbon whiskey,3.0,fluid ounces
Shaggys Manhattan,bitters,2.0,dashes
Shaggys Manhattan,maraschino cherries,2.0,
The John Collins Cocktail,bourbon whiskey,2.0,fluid ounces
The John Collins Cocktail,lemon juice,1.0,fluid ounce
The John Collins Cocktail,simple syrup,1.0,teaspoon
The John Collins Cocktail,"ice, divided",2.0,cups
The John Collins Cocktail,club soda,2.0,fluid ounces
The John Collins Cocktail,orange slice,1.0,
The John Collins Cocktail,lemon slice,1.0,
The John Collins Cocktail,maraschino cherry,1.0,
Old Fashioned Cocktail,sugar cube,N/A,N/A
Old Fashioned Cocktail,water,1.0,teaspoon
Old Fashioned Cocktail,bitters,1.0,dash
Old Fashioned Cocktail,whiskey (rye or bourbon),2.0,fluid ounces
Old Fashioned Cocktail,lemon twist,1.0,
Old Fashioned Cocktail,ice cubes,N/A,N/A
Old Fashioned Cocktail,"orange slice, for garnish",1.0,
Old Fashioned Cocktail,"maraschino cherry, for garnish",1.0,
Mint Julep Cocktail,mint leaves,8.0,
Mint Julep Cocktail,simple syrup,1.0,teaspoon
Mint Julep Cocktail,bourbon whiskey,10.5,fluid ounces
Mint Julep Cocktail,"crushed ice, divided",N/A,N/A
Mint Julep Cocktail,sprig fresh mint for garnish,1.0,
Bourbon Slush,frozen orange juice concentrate,6.0,ounce
Bourbon Slush,frozen lemonade concentrate,12.0,ounce
Bourbon Slush,pineapple juice,46.0,fluid ounce
Bourbon Slush,white sugar,5.5,cups
Bourbon Slush,strong brewed black tea,2.0,cups
Bourbon Slush,bourbon whiskey,2.0,cups
Bourbon Slush,lemon-lime flavored carbonated beverage,2.0,liter
Mint Juleps,water,2.0,cups
Mint Juleps,white sugar,2.0,cups
Mint Juleps,roughly chopped fresh mint leaves,0.5,cup
Mint Juleps,Kentucky bourbon,32.0,fluid ounces
Mint Juleps,sprigs fresh mint leaves for garnish,8.0,
Classic Old Fashioned,simple syrup,2.0,teaspoons
Classic Old Fashioned,water,1.0,teaspoon
Classic Old Fashioned,bitters,2.0,dashes
Classic Old Fashioned,ice cubes,1.0,cup
Classic Old Fashioned,bourbon whiskey,1.5,fluid ounce
Classic Old Fashioned,slice orange,1.0,
Classic Old Fashioned,maraschino cherry,1.0,
OldFashioned Swedish Glogg,port wine,3750.0,milliliter
OldFashioned Swedish Glogg,100 proof bourbon whiskey,750.0,milliliter
OldFashioned Swedish Glogg,white rum,750.0,milliliter
OldFashioned Swedish Glogg,"whole cardamom pods, cracked",3.0,
OldFashioned Swedish Glogg,small cinnamon stick,1.0,
OldFashioned Swedish Glogg,whole cloves,4.0,
OldFashioned Swedish Glogg,) strip of orange peel,1.0,(3 inch
OldFashioned Swedish Glogg,) square of cheesecloth,1.0,(8 inch
OldFashioned Swedish Glogg,white sugar,0.75,cup
OldFashioned Swedish Glogg,) package dark raisins,1.0,(15 ounce
OldFashioned Swedish Glogg,) package blanched slivered almonds,1.0,(6 ounce
Chef Johns Homemade Eggnog,Custard Base:,N/A,N/A
Chef Johns Homemade Eggnog,egg yolks,4.0,
Chef Johns Homemade Eggnog,white sugar,0.3333333333333333,cup
Chef Johns Homemade Eggnog,whole milk,2.0,cups
Chef Johns Homemade Eggnog,heavy cream,1.0,cup
Chef Johns Homemade Eggnog,freshly grated nutmeg,0.75,teaspoon
Chef Johns Homemade Eggnog,"bourbon whiskey, or more to taste",2.0,fluid ounces
Chef Johns Homemade Eggnog,Meringue:,N/A,N/A
Chef Johns Homemade Eggnog,egg whites,4.0,
Chef Johns Homemade Eggnog,white sugar,1.0,tablespoon
Chef Johns Homemade Eggnog,freshly grated nutmeg,1.0,pinch
Dons Friend Tonjas Cousin Tonis Boyfriends Grandmothers Eggnog,eggs,6.0,
Dons Friend Tonjas Cousin Tonis Boyfriends Grandmothers Eggnog,white sugar,2.75,cups
Dons Friend Tonjas Cousin Tonis Boyfriends Grandmothers Eggnog,quart bourbon,1.0,
Dons Friend Tonjas Cousin Tonis Boyfriends Grandmothers Eggnog,rum,1.0,cup
Dons Friend Tonjas Cousin Tonis Boyfriends Grandmothers Eggnog,quarts half-and-half cream,2.0,
Dons Friend Tonjas Cousin Tonis Boyfriends Grandmothers Eggnog,"ground nutmeg, or amount to taste",2.0,teaspoons
Dons Friend Tonjas Cousin Tonis Boyfriends Grandmothers Eggnog,heavy whipping cream,1.0,pint
Bettys Famous Eggnog,"eggs, separated",12.0,
Bettys Famous Eggnog,white sugar,20.5,cups
Bettys Famous Eggnog,bourbon,750.0,milliliter
Bettys Famous Eggnog,dark rum,375.0,milliliter
Bettys Famous Eggnog,quarts whipping cream,5.5,
Bettys Famous Eggnog,half-and-half (or whole milk),2.0,cups
Bettys Famous Eggnog,brandy,5.5,cups
Bettys Famous Eggnog,"ground nutmeg, for garnish",1.0,tablespoon
Hot Toddy Cocktail,hot water,0.75,cup
Hot Toddy Cocktail,honey,1.0,tablespoon
Hot Toddy Cocktail,bourbon whiskey,2.0,fluid ounces
Hot Toddy Cocktail,hot water,0.75,cup
Hot Toddy Cocktail,twist lemon peel,1.0,
Manhattan,bourbon,2.0,fluid ounces
Manhattan,sweet vermouth,0.5,fluid ounce
Manhattan,maraschino cherry (optional),1.0,
Manhattan,ice,0.5,cup
Autumn Sunshine Cocktail,ice cubes,6.0,
Autumn Sunshine Cocktail,bourbon,2.0,fluid ounces
Autumn Sunshine Cocktail,maple syrup,1.0,fluid ounce
Autumn Sunshine Cocktail,brandy-based orange liqueur (such as Grand Marnier®),1.0,fluid ounce
Autumn Sunshine Cocktail,strips,1.0,"clementine, juiced and peel cut into 1x1/4-inch"
Autumn Sunshine Cocktail,"lemon, juiced",0.5,
Cranberry Slush,frozen cranberry juice concentrate,1.0,cup
Cranberry Slush,frozen lemonade concentrate,6.0,ounce
Cranberry Slush,chilled lemon-lime soda,12.0,ounce
Cranberry Slush,bourbon,6.0,fluid ounces
Eggnog Royale,"quarts eggnog, chilled",2.0,
Eggnog Royale,cold coffee,3.0,cups
Eggnog Royale,bourbon whiskey (optional),2.0,cups
Eggnog Royale,chilled heavy cream,2.0,cups
Eggnog Royale,coffee ice cream,2.0,pints
Eggnog Royale,"ground nutmeg, for garnish",0.25,teaspoon
Thanksgiving Turkey,bourbon whiskey,1.5,fluid ounce
Thanksgiving Turkey,orange juice,0.5,cup
Thanksgiving Turkey,frozen lemonade concentrate,1.0,teaspoon
Thanksgiving Turkey,frozen limeade concentrate,1.0,teaspoon
Thanksgiving Turkey,ginger ale,0.3333333333333333,cup
Ha Ha Juice aka Party Punch,vodka,1.0,cup
Ha Ha Juice aka Party Punch,sloe gin,1.0,cup
Ha Ha Juice aka Party Punch,amaretto liqueur,1.0,cup
Ha Ha Juice aka Party Punch,peach-flavored bourbon liqueur (such as Southern Comfort ®),1.0,cup
Ha Ha Juice aka Party Punch,unsweetened pineapple juice,92.0,fluid ounce
Yankee Mint Julep,"fresh mint leaves, or more to taste",6.0,
Yankee Mint Julep,Kentucky bourbon,1.0,fluid ounce
Yankee Mint Julep,maple syrup,2.0,teaspoons
Yankee Mint Julep,"ice, or as needed",N/A,N/A
Yankee Mint Julep,"lemonade, or to taste",4.0,fluid ounces
Yankee Mint Julep,sprig fresh mint,1.0,
Yankee Mint Julep,lemon wedge,1.0,
Texas Tea II,Kentucky bourbon,1.5,fluid ounce
Texas Tea II,triple sec liqueur,0.5,fluid ounce
Texas Tea II,prepared lemonade,0.5,cup
Texas Tea II,chilled lemon-lime soda per serving,2.0,fluid ounces
Texas Tea II,wedge lemon,1.0,
The Lisatini Martini,crushed ice,N/A,N/A
The Lisatini Martini,lemon vodka,0.5,cup
The Lisatini Martini,orange liqueur,1.0,tablespoon
The Lisatini Martini,chilled champagne,5.5,cups
The Lisatini Martini,slices fresh orange,4.0,
Annex Theater Champagne Cocktail,sugar cube,1.0,
Annex Theater Champagne Cocktail,bitters (such as Angostura®),1.0,dash
Annex Theater Champagne Cocktail,Champagne,5.0,fluid ounces
Sicilian Sunset,ice cubes,2.0,cups
Sicilian Sunset,Prosecco (Italian sparkling wine),1.0,cup
Sicilian Sunset,orange juice,1.0,cup
Sicilian Sunset,cranberry juice,1.0,cup
Sicilian Sunset,"lemons, zested",2.0,
The Champagne Cocktail,pear brandy,0.75,fluid ounce
The Champagne Cocktail,Champagne or other sparkling white wine,5.0,fluid ounces
The Champagne Cocktail,whole-berry blackberry preserves,1.0,tablespoon
WallabyDarned,vodka,1.5,fluid ounce
WallabyDarned,peach schnapps,1.5,fluid ounce
WallabyDarned,sugar,1.0,tablespoon
WallabyDarned,champagne,0.5,cup
WallabyDarned,) package frozen sliced peaches,0.5,(16 ounce
WallabyDarned,fuzzy navel mix,0.5,cup
WallabyDarned,ice,1.0,cup
Holiday Mimosa,orange liqueur (such as Grand Marnier®),0.25,cup
Holiday Mimosa,white sugar,2.0,tablespoons
Holiday Mimosa,orange juice,1.0,cup
Holiday Mimosa,"brut champagne, chilled",750.0,milliliter
Bad Day,amaretto liqueur,1.5,fluid ounce
Bad Day,champagne,4.0,fluid ounces
Poinsettias,brut Champagne,4.0,ounces
Poinsettias,cranberry juice,5.5,tablespoons
Rise n Shine Juice,quart orange juice,1.0,
Rise n Shine Juice,champagne,750.0,milliliter
Champagne Punch III,frozen cranberry juice concentrate,12.0,fluid ounce
Champagne Punch III,frozen pink lemonade concentrate,12.0,fluid ounce
Champagne Punch III,frozen limeade concentrate,6.0,ounce
Champagne Punch III,"white wine, chilled",750.0,milliliter
Champagne Punch III,"carbonated water, chilled",1.0,liter
Champagne Punch III,"champagne, chilled",1500.0,milliliter
Champagne Punch III,"lemon - sliced, for garnish",1.0,
Champagne Punch III,"fresh mint, garnish",0.5,cup
Party Mimosa,apricot-mango nectar,12.0,ounce
Party Mimosa,pineapple juice,12.0,ounce
Party Mimosa,cold water,0.75,cup
Party Mimosa,"frozen orange juice concentrate, thawed and undiluted",6.0,ounce
Party Mimosa,cold champagne,750.0,milliliter
Mimosa,"champagne, chilled",0.75,cup
Mimosa,orange juice,0.25,cup
New Years Champagne Punch,quart orange sherbet,1.0,
New Years Champagne Punch,quarts fresh orange juice,2.0,
New Years Champagne Punch,"ginger ale, chilled",2.0,liter
New Years Champagne Punch,"champagne, chilled",1500.0,milliliter
Champagne Peach Punch,peach nectar,34.5,ounce
Champagne Peach Punch,frozen orange juice concentrate,6.0,ounce
Champagne Peach Punch,lemon juice,0.25,cup
Champagne Peach Punch,peach brandy,0.5,cup
Champagne Peach Punch,grenadine syrup,0.25,cup
Champagne Peach Punch,carbonated water,32.0,fluid ounce
Champagne Peach Punch,champagne,2250.0,milliliter
Lava Lamps,) package red or blue colored instant Jell-O® mix,1.0,(3 ounce
Lava Lamps,boiling water,1.0,cup
Lava Lamps,vodka,1.0,cup
Lava Lamps,champagne,750.0,milliliter
Champagne Punch I,gallon raspberry sherbet,0.5,
Champagne Punch I,"champagne, chilled",1500.0,milliliter
Champagne Punch I,sweet red wine,750.0,milliliter
Champagne Punch I,"ginger ale, chilled",2.0,liter
Grandpa Harrys Holiday Punch,sugar,1.0,cup
Grandpa Harrys Holiday Punch,Burgundy wine,750.0,milliliter
Grandpa Harrys Holiday Punch,"champagne, chilled",1500.0,milliliter
Grandpa Harrys Holiday Punch,brandy,8.0,fluid ounces
Grandpa Harrys Holiday Punch,quart club soda,1.0,
Bellini Meanie Martini,good quality vodka,0.25,cup
Bellini Meanie Martini,peach schnapps,2.0,fluid ounces
Bellini Meanie Martini,ice cubes,1.0,cup
Bellini Meanie Martini,champagne,2.0,fluid ounces
Bellini Meanie Martini,fresh raspberries for garnish,3.0,
Anytime Punch,ginger ale,2.0,liters
Anytime Punch,"champagne, chilled",750.0,milliliter
Anytime Punch,quart lime sherbet,1.0,
Pomosa,brut Champagne,0.5,cup
Pomosa,bottled pomegranate juice,2.0,tablespoons
Pomosa,pomegranate seeds (optional),1.0,teaspoon
French ,cracked ice,N/A,N/A
French ,gin,2.0,fluid ounces
French ,simple syrup,1.0,teaspoon
French ,lemon juice,0.5,fluid ounce
French ,"brut champagne, chilled",5.0,fluid ounces
French ,slice lemon (optional),1.0,
Juicy Fruit Punch with Champagne,fresh orange juice,4.0,fluid ounces
Juicy Fruit Punch with Champagne,cranberry juice,4.0,fluid ounces
Juicy Fruit Punch with Champagne,apple juice,2.0,fluid ounces
Juicy Fruit Punch with Champagne,pineapple juice,2.0,tablespoons
Juicy Fruit Punch with Champagne,lemon-lime flavored carbonated beverage,2.0,fluid ounces
Juicy Fruit Punch with Champagne,champagne,2.0,fluid ounces
Juicy Fruit Punch with Champagne,sliced frozen strawberries,0.25,cup
Sarahs Froen Pumpkin Spice Cocktail,heavy whipping cream,0.25,cup
Sarahs Froen Pumpkin Spice Cocktail,milk,0.25,cup
Sarahs Froen Pumpkin Spice Cocktail,pumpkin puree,0.25,cup
Sarahs Froen Pumpkin Spice Cocktail,pumpkin spice coffee-flavored liqueur (such as Kahlua®),0.25,cup
Sarahs Froen Pumpkin Spice Cocktail,pumpkin pie spice,0.5,teaspoon
Sarahs Froen Pumpkin Spice Cocktail,cubes ice cubes,8.0,
Classic Daiquiri,ice cubes,1.0,cup
Classic Daiquiri,light rum,5.5,fluid ounces
Classic Daiquiri,lime juice,1.0,fluid ounce
Classic Daiquiri,triple sec,1.0,fluid ounce
Classic Daiquiri,white sugar,1.0,teaspoon
Classic Daiquiri,lime wedge (optional),1.0,
Classic Daiquiri,"white sugar, or as needed (optional)",2.0,tablespoons
Blended Strawberry Daiquiri,ice,1.0,cup
Blended Strawberry Daiquiri,strawberries,5.0,
Blended Strawberry Daiquiri,white rum,2.0,fluid ounces
Blended Strawberry Daiquiri,lime juice,1.0,fluid ounce
Blended Strawberry Daiquiri,triple sec,0.5,fluid ounce
Blended Strawberry Daiquiri,confectioners' sugar,0.5,teaspoon
Blue Hawaiian Cocktail,light rum,1.0,fluid ounce
Blue Hawaiian Cocktail,blue Curacao liqueur,1.0,fluid ounce
Blue Hawaiian Cocktail,pineapple juice,2.0,fluid ounces
Blue Hawaiian Cocktail,cream of coconut,1.0,fluid ounce
Blue Hawaiian Cocktail,crushed ice,1.0,cup
Blue Hawaiian Cocktail,pineapple slice,1.0,
Blue Hawaiian Cocktail,maraschino cherry,1.0,
Grasshopper Cocktail,creme de menthe,0.75,fluid ounce
Grasshopper Cocktail,white creme de cacao,0.75,fluid ounce
Grasshopper Cocktail,heavy cream,0.25,fluid ounce
Grasshopper Cocktail,ice,1.0,cup
Pina Colada IV,crushed ice,0.5,cup
Pina Colada IV,pineapple juice,6.0,fluid ounces
Pina Colada IV,rum,2.0,fluid ounces
Pina Colada IV,sweetened coconut cream,1.0,fluid ounce
Pina Colada IV,heavy cream,1.0,fluid ounce
Pina Colada IV,pineapple wedge,1.0,
Pina Colada IV,maraschino cherry,1.0,
Froen Melon Margaritas,ice cubes,4.0,cups
Froen Melon Margaritas,frozen limeade concentrate,12.0,ounce
Froen Melon Margaritas,tequila,0.6666666666666666,cup
Froen Melon Margaritas,melon-flavored schnapps,0.5,cup
Creamy Brandy Alexander,brandy,1.0,tablespoon
Creamy Brandy Alexander,creme de cacao,1.0,tablespoon
Creamy Brandy Alexander,milk,5.5,cups
Creamy Brandy Alexander,French vanilla ice cream,1.0,pint
Creamy Brandy Alexander,sweetened whipped cream,0.25,cup
Creamy Brandy Alexander,ground cinnamon,1.0,pinch
Froen Mudslide,crushed ice,4.0,cups
Froen Mudslide,vodka,3.0,fluid ounce
Froen Mudslide,coffee flavored liqueur,3.0,fluid ounce
Froen Mudslide,Irish cream liqueur,3.0,fluid ounce
Froen Mudslide,chocolate syrup,2.0,tablespoons
Froen Mudslide,whipped cream,0.5,cup
Jewels Watermelon Margaritas,white sugar,0.5,cup
Jewels Watermelon Margaritas,water,0.5,cup
Jewels Watermelon Margaritas,strips orange zest,3.0,
Jewels Watermelon Margaritas,cubed seeded watermelon,2.0,cups
Jewels Watermelon Margaritas,white tequila,0.75,cup
Jewels Watermelon Margaritas,lime juice,0.25,cup
Jewels Watermelon Margaritas,salt or sugar for rimming glasses (optional),N/A,N/A
Jewels Watermelon Margaritas,"lime, cut into wedges",1.0,
Jewels Watermelon Margaritas,"crushed ice, or as needed",2.0,cups
Strawberry Basil Margarita,hulled strawberries,1.0,cup
Strawberry Basil Margarita,tequila,0.25,cup
Strawberry Basil Margarita,"orange-flavored liqueur, such as Cointreau ®",1.0,tablespoon
Strawberry Basil Margarita,lemon juice,1.0,tablespoon
Strawberry Basil Margarita,white sugar,2.0,tablespoons
Strawberry Basil Margarita,large basil leaves,3.0,
Strawberry Basil Margarita,ice cubes,8.0,
Watermelon Vodka Slush,"watermelon flesh, seeds removed",4.0,cups
Watermelon Vodka Slush,simple syrup,2.0,fluid ounces
Watermelon Vodka Slush,lemon juice,2.0,tablespoons
Watermelon Vodka Slush,vodka,1.0,cup
Watermelon Vodka Slush,melon liqueur,2.0,fluid ounces
Watermelon Vodka Slush,"twists lemon zest, garnish",4.0,
Cuban Mojito,white sugar,2.0,teaspoons
Cuban Mojito,"lime, cut into 4 wedges",1.0,
Cuban Mojito,sprigs fresh mint,4.0,
Cuban Mojito,white rum,0.5,cup
Cuban Mojito,club soda,2.0,cups
Cuban Mojito,crushed ice,2.0,cups
Cuban Mojito,"wedges lime, as garnish",2.0,
Rhubarb Margarita,diced rhubarb,4.0,cups
Rhubarb Margarita,water,0.5,cup
Rhubarb Margarita,white sugar,0.5,cup
Rhubarb Margarita,ice,4.0,cups
Rhubarb Margarita,tequila,0.6666666666666666,cup
Kiwi Margarita,superfine sugar,0.5,cup
Kiwi Margarita,gold tequila,0.3333333333333333,cup
Kiwi Margarita,triple sec,0.3333333333333333,cup
Kiwi Margarita,"large kiwis, peeled",2.0,
Kiwi Margarita,fresh lime juice,1.0,cup
Kiwi Margarita,small ice cubes,2.0,cups
Grapefruit Margaritas,frozen limeade,12.0,fluid ounce
Grapefruit Margaritas,tequila,5.5,cups
Grapefruit Margaritas,ruby red grapefruit juice,5.5,cups
Grapefruit Margaritas,ice,5.5,cups
Grapefruit Margaritas,"lime wedges, for garnish",4.0,
Coconut Margaritas,ice,2.0,cups
Coconut Margaritas,sweetened coconut cream,0.75,cup
Coconut Margaritas,tequila,20.5,fluid ounces
Coconut Margaritas,triple sec,5.5,fluid ounces
Coconut Margaritas,sweetened flaked coconut,0.25,cup
Cocojito Froen Mojito,ice cubes,4.0,cups
Cocojito Froen Mojito,"limes, rind removed",10.5,
Cocojito Froen Mojito,sweetened cream of coconut (such as Coco Lopez®),7.0,fluid ounces
Cocojito Froen Mojito,white rum (such as Bacardi®),15.75,fluid ounce
Cocojito Froen Mojito,sprigs fresh mint leaves,5.0,
Cocojito Froen Mojito,"mint sprigs, for garnish (optional)",2.0,
Cocojito Froen Mojito,"lime wedges, for garnish (optional)",2.0,
AMAJOs Creamsicle Martini,vodka,1.0,fluid ounce
AMAJOs Creamsicle Martini,triple sec,1.0,fluid ounce
AMAJOs Creamsicle Martini,orange juice,1.0,fluid ounce
AMAJOs Creamsicle Martini,fat free half-and-half,1.0,fluid ounce
AMAJOs Creamsicle Martini,slice orange,1.0,
Next Best Thing to Lulus Pina Colada,frozen pina colada mix,10.0,ounce
Next Best Thing to Lulus Pina Colada,"crushed pineapple in juice, undrained",1.0,cup
Next Best Thing to Lulus Pina Colada,vanilla ice cream,1.0,cup
Next Best Thing to Lulus Pina Colada,mango flavored rum,750.0,milliliter
Next Best Thing to Lulus Pina Colada,cubes  ice,8.0,
Next Best Thing to Lulus Pina Colada,whipping cream,0.25,cup
Next Best Thing to Lulus Pina Colada,cherries with stems,4.0,
Strawberry Shortcake Drink,"frozen strawberries, thawed",0.25,cup
Strawberry Shortcake Drink,amaretto liqueur,2.75,fluid ounces
Strawberry Shortcake Drink,) scoops vanilla ice cream,2.0,(1/2 cup
Strawberry Shortcake Drink,vanilla extract,1.0,dash
Strawberry Shortcake Drink,crushed ice,0.5,cup
Strawberry Shortcake Drink,vanilla-flavored vodka (optional),0.25,fluid ounce
Strawberry Shortcake Drink,whipped cream,1.0,tablespoon
Strawberry Shortcake Drink,fresh strawberry,1.0,
Creamy Coconut Margarita,cream of coconut (such as Coco Lopez®),15.0,ounce
Creamy Coconut Margarita,ice,1.0,cup
Creamy Coconut Margarita,tequila (such as Sauza® 100% Blue Agave),0.75,cup
Creamy Coconut Margarita,freshly squeezed lime juice,0.5,cup
Creamy Coconut Margarita,brandy-based orange liqueur (such as Grand Marnier®),0.25,cup
Froen Banana Margaritas,lemon juice,2.0,tablespoons
Froen Banana Margaritas,lime juice,2.0,tablespoons
Froen Banana Margaritas,banana liqueur,0.75,cup
Froen Banana Margaritas,tequila,0.5,cup
Froen Banana Margaritas,triple sec (orange-flavored liqueur),0.25,cup
Froen Banana Margaritas,ice cubes,6.0,
Froen Banana Margaritas,large bananas,2.0,
Lava Flow,strawberries,0.5,cup
Lava Flow,light rum,1.0,fluid ounce
Lava Flow,coconut rum,1.0,fluid ounce
Lava Flow,banana,1.0,
Lava Flow,pineapple juice,2.0,fluid ounces
Lava Flow,cream of coconut,2.0,fluid ounces
Lemon Whiskey Slush,Irish whiskey,0.5,cup
Lemon Whiskey Slush,white sugar,3.0,tablespoons
Lemon Whiskey Slush,fresh lemon juice,0.5,cup
Lemon Whiskey Slush,ice cubes,4.0,cups
Tequila Sunrise Cocktail,ice,5.5,cups
Tequila Sunrise Cocktail,tequila,2.0,fluid ounces
Tequila Sunrise Cocktail,orange juice,4.0,fluid ounces
Tequila Sunrise Cocktail,ice,1.0,cup
Tequila Sunrise Cocktail,grenadine syrup,0.75,fluid ounce
A Fantastic Margarita,limeade prepared from concentrate,2.0,cups
A Fantastic Margarita,pineapple juice,0.5,cup
A Fantastic Margarita,orange juice,0.5,cup
A Fantastic Margarita,tequila,2.0,fluid ounces
A Fantastic Margarita,orange liqueur,1.0,fluid ounce
Tequila Sunrise,tequila,1.5,fluid ounce
Tequila Sunrise,freshly squeezed orange juice,0.75,cup
Tequila Sunrise,ice cubes,N/A,N/A
Tequila Sunrise,grenadine syrup,0.75,fluid ounce
Tequila Sunrise,"slice orange, for garnish",1.0,
Tequila Sunrise,maraschino cherry for garnish,1.0,
Grilled Grapefruit Paloma Cocktail,limes,2.0,
Grilled Grapefruit Paloma Cocktail,white sugar,0.25,cup
Grilled Grapefruit Paloma Cocktail,"red grapefruit, halved widthwise",1.0,
Grilled Grapefruit Paloma Cocktail,kosher salt,0.25,cup
Grilled Grapefruit Paloma Cocktail,"ice cubes, or as needed",1.0,cup
Grilled Grapefruit Paloma Cocktail,tequila,4.0,fluid ounces
Grilled Grapefruit Paloma Cocktail,"simple syrup, or to taste",2.0,tablespoons
Grilled Grapefruit Paloma Cocktail,club soda,4.0,fluid ounces
Margaritas on the Rocks,sweet and sour mix,2.0,cups
Margaritas on the Rocks,triple sec,1.0,cup
Margaritas on the Rocks,gold tequila,5.5,cups
Margaritas on the Rocks,brandy-based orange liqueur (such as Grand Marnier®),0.3333333333333333,cup
Margaritas on the Rocks,"limes, quartered",2.0,
The BEST Raspberry Margarita,sweet-and-sour cocktail mix,5.0,fluid ounces
The BEST Raspberry Margarita,premium tequila,2.0,fluid ounces
The BEST Raspberry Margarita,cointreau,1.0,fluid ounce
The BEST Raspberry Margarita,Chambord (raspberry liqueur),1.0,fluid ounce
The BEST Raspberry Margarita,ice cubes,2.0,cups
The BEST Raspberry Margarita,margarita salt,N/A,N/A
The BEST Raspberry Margarita,"lime, cut into 4 wedges",1.0,
Salty Chihuahua,wedge lime,1.0,
Salty Chihuahua,coarse salt,N/A,N/A
Salty Chihuahua,ice,N/A,N/A
Salty Chihuahua,tequila,1.5,fluid ounce
Salty Chihuahua,lemonade,5.0,fluid ounces
Top Shelf Sparkling Margarita JellO,) packages lime-flavored gelatin mix (such as Jell-O®),3.0,(3 ounce
Top Shelf Sparkling Margarita JellO,) package lemon-flavored gelatin mix (such as Jell-O®),1.0,(3 ounce
Top Shelf Sparkling Margarita JellO,boiling water,10.5,cups
Top Shelf Sparkling Margarita JellO,premium tequila,4.0,cups
Top Shelf Sparkling Margarita JellO,triple sec,0.6666666666666666,cup
Top Shelf Sparkling Margarita JellO,brandy-based orange liqueur (such as Grand Marnier®),0.6666666666666666,cup
Top Shelf Sparkling Margarita JellO,sweetened lime juice,0.5,cup
Top Shelf Sparkling Margarita JellO,sparkling water,2.0,cups
Top Shelf Sparkling Margarita JellO,"lime, zested",1.0,
Top Shelf Sparkling Margarita JellO,"margarita salt, or as needed",1.0,pinch
Beer Margaritas,frozen limeade concentrate,12.0,fluid ounce
Beer Margaritas,tequila,12.0,fluid ounces
Beer Margaritas,water,12.0,fluid ounces
Beer Margaritas,beer,12.0,fluid ounces
Beer Margaritas,ice,N/A,N/A
Beer Margaritas,"lime, cut into wedges",1.0,
Margaritas,frozen limeade concentrate,6.0,ounce
Margaritas,tequila,6.0,fluid ounces
Margaritas,triple sec,2.0,fluid ounces
Ultimate Froen Strawberry Margarita,tequila,6.0,fluid ounces
Ultimate Froen Strawberry Margarita,triple sec,2.0,fluid ounces
Ultimate Froen Strawberry Margarita,frozen sliced strawberries in syrup,8.0,ounces
Ultimate Froen Strawberry Margarita,frozen limeade concentrate,4.0,fluid ounces
Italian Amaretto Margaritas,"amaretto liqueur, plus additional",4.0,fluid ounces
Italian Amaretto Margaritas,white sugar,N/A,N/A
Italian Amaretto Margaritas,frozen limeade concentrate,6.0,fluid ounces
Italian Amaretto Margaritas,tequila,6.0,fluid ounces
Italian Amaretto Margaritas,orange juice,0.5,cup
Italian Amaretto Margaritas,ice,6.0,cups
Parkers Famous Margaritas,tequila,5.0,fluid ounces
Parkers Famous Margaritas,fresh lime juice,3.0,fluid ounces
Parkers Famous Margaritas,sweetened lime juice,1.0,fluid ounce
Parkers Famous Margaritas,triple sec (orange-flavored liqueur),3.0,fluid ounces
Parkers Famous Margaritas,ice cubes,N/A,N/A
Parkers Famous Margaritas,"lime, cut into wedges",1.0,
Parkers Famous Margaritas,rimming salt,N/A,N/A
Easy Froen Margaritas,quarts ice cubes,2.0,
Easy Froen Margaritas,frozen limeade concentrate,12.0,fluid ounce
Easy Froen Margaritas,),12.0,fluid ounces tequila (measure with empty limeade can
Easy Froen Margaritas,Cointreau,0.25,cup
Easy Froen Margaritas,Garnish:,N/A,N/A
Easy Froen Margaritas,margarita or kosher salt for the rims,N/A,N/A
Easy Froen Margaritas,lime slices cut in half,N/A,N/A
Froen Strawberry Margarita,tequila,6.0,fluid ounces
Froen Strawberry Margarita,triple sec,2.0,fluid ounces
Froen Strawberry Margarita,frozen strawberries,8.0,ounces
Froen Strawberry Margarita,frozen limeade concentrate,4.0,fluid ounces
Froen Strawberry Margarita,ice,6.0,cups
Margaritas to Die For,limes,2.0,
Margaritas to Die For,white sugar,0.25,cup
Margaritas to Die For,water,3.0,tablespoons
Margaritas to Die For,premium tequila,1.0,cup
Margaritas to Die For,brandy-based orange liqueur (such as Grand Marnier®),2.0,tablespoons
Margaritas to Die For,"lime, sliced into rounds",1.0,
Margaritas to Die For,coarse salt,N/A,N/A
Mexicali Beer Margaritas,limeade concentrate,12.0,fluid ounce
Mexicali Beer Margaritas,gold tequila,5.5,cups
Mexicali Beer Margaritas,beer,36.0,fluid ounce
Mexicali Beer Margaritas,"whole lime, cut into 6 wedges",1.0,
Yummy Margaritas,frozen limeade concentrate,12.0,fluid ounce
Yummy Margaritas,beer,6.0,fluid ounces
Yummy Margaritas,tequila,6.0,fluid ounces
Yummy Margaritas,ice,4.0,cups
Yummy Margaritas,"lime, sliced",1.0,
Banana Margaritas,tequila,6.0,fluid ounces
Banana Margaritas,frozen limeade concentrate,6.0,ounce
Banana Margaritas,triple sec liqueur,4.0,fluid ounces
Banana Margaritas,ice,6.0,cups
Banana Margaritas,bananas,2.0,
Banana Margaritas,coarse granulated sugar,0.25,cup
Wonderful Margaritas,frozen limeade concentrate,24.0,fluid ounce
Wonderful Margaritas,artificially sweetened citrus soda,1.0,liter
Wonderful Margaritas,tequila,12.0,fluid ounces
Mangorita,tequila,3.0,fluid ounce
Mangorita,triple sec liqueur,1.5,fluid ounce
Mangorita,fresh lime juice,1.5,fluid ounce
Mangorita,"mango - peeled, seeded, and sliced",1.0,
Mangorita,ice cubes,4.0,
Mangorita,mango nectar,0.25,cup
Lychee Martini,ice cubes,5.0,
Lychee Martini,vodka,1.5,fluid ounce
Lychee Martini,peach schnapps,1.0,fluid ounce
Lychee Martini,white cranberry juice,1.0,fluid ounce
Lychee Martini,of lychees),1.0,ounce lychee juice (from a can
Lychee Martini,"lychee, for garnish",1.0,
Lemon Drop Shots,vodka (such as Absolut®),0.75,fluid ounce
Lemon Drop Shots,lemon juice,0.75,fluid ounce
Lemon Drop Shots,"white sugar, or to taste",10.5,teaspoons
Lemon Drop Shots,"lemon, cut into wedges",1.0,
Sparkling Sea Breee,ice cubes,N/A,N/A
Sparkling Sea Breee,vodka,1.5,fluid ounce
Sparkling Sea Breee,cranberry juice,1.5,fluid ounce
Sparkling Sea Breee,grapefruit juice,1.5,fluid ounce
Sparkling Sea Breee,sparkling water,3.0,fluid ounce
Sparkling Sea Breee,lime wedge,1.0,
French Martini,ice cubes,N/A,N/A
French Martini,vodka,2.0,fluid ounces
French Martini,fresh pineapple juice,2.0,fluid ounces
French Martini,raspberry-flavored liqueur (such as Chambord®),0.5,fluid ounce
French Martini,slice fresh pineapple,1.0,
French Martini,) lemon peel,1.0,(3 inch
Grilled Gapacho Bloody Mary,pound tomatoes,1.0,
Grilled Gapacho Bloody Mary,"olive oil, divided",0.25,cup
Grilled Gapacho Bloody Mary,"salt, divided",1.0,teaspoon
Grilled Gapacho Bloody Mary,red bell pepper,1.0,
Grilled Gapacho Bloody Mary,"small onion, quartered",1.0,
Grilled Gapacho Bloody Mary,poblano pepper,1.0,
Grilled Gapacho Bloody Mary,"cloves garlic, unpeeled",3.0,
Grilled Gapacho Bloody Mary,"lemon, halved",1.0,
Grilled Gapacho Bloody Mary,grated fresh horseradish,5.5,teaspoons
Grilled Gapacho Bloody Mary,seafood seasoning (such as Old Bay®),1.0,teaspoon
Grilled Gapacho Bloody Mary,celery salt,0.5,teaspoon
Grilled Gapacho Bloody Mary,Worcestershire sauce,1.0,dash
Grilled Gapacho Bloody Mary,"hot sauce (such as Tabasco®), or to taste (optional)",1.0,dash
Grilled Gapacho Bloody Mary,ice,N/A,N/A
Grilled Gapacho Bloody Mary,"vodka, divided",6.0,fluid ounces
The Shaner Bill,"ice, or as desired",0.25,cup
The Shaner Bill,vodka,1.5,fluid ounce
The Shaner Bill,cranberry juice,1.5,fluid ounce
The Shaner Bill,citrus-flavored soda (such as Fresca®),1.5,fluid ounce
The Shaner Bill,wedge lime,1.0,
Happy Birthday Martini,white sugar,1.0,teaspoon
Happy Birthday Martini,fresh lemon juice,1.0,teaspoon
Happy Birthday Martini,pomegranate juice,1.0,fluid ounce
Happy Birthday Martini,vodka (such as Tito's®),2.0,fluid ounces
Happy Birthday Martini,ice cubes,3.0,
Happy Birthday Martini,strips lemon peel,2.0,
Hard Lemonade,lemon,1.0,
Hard Lemonade,"water, or as needed, divided",4.0,cups
Hard Lemonade,white sugar,1.0,cup
Hard Lemonade,"large lemons, juiced",6.0,
Hard Lemonade,vodka,5.5,cups
Hard Lemonade,"ice cubes, or as needed",1.0,cup
Hard Lemonade,"large lemon, sliced",1.0,
Madras Cocktail,vodka,5.5,fluid ounces
Madras Cocktail,cranberry juice,4.0,fluid ounces
Madras Cocktail,orange juice,1.0,fluid ounce
Madras Cocktail,ice,0.5,cup
Madras Cocktail,lime wedge,1.0,
White Peach Sangria,dry white wine,750.0,milliliter
White Peach Sangria,peach flavored vodka,0.75,cup
White Peach Sangria,"frozen lemonade concentrate, thawed",6.0,tablespoons
White Peach Sangria,white sugar,0.25,cup
White Peach Sangria,"pound white peaches, pitted and sliced",1.0,
White Peach Sangria,"seedless red grapes, halved",0.75,cup
White Peach Sangria,"seedless green grapes, halved",0.75,cup
Amaretto,water,1.0,cup
Amaretto,white sugar,1.0,cup
Amaretto,brown sugar,0.5,cup
Amaretto,vodka,2.0,cups
Amaretto,almond extract,2.0,tablespoons
Amaretto,vanilla extract,2.0,teaspoons
Summer Beer II,"frozen pink lemonade concentrate, thawed",12.0,fluid ounce
Summer Beer II,water,12.0,fluid ounces
Summer Beer II,vodka,12.0,fluid ounces
Summer Beer II,beer,12.0,fluid ounce
Grandmas Apple Pie Ala Mode Moonshine,gallon apple cider,0.5,
Grandmas Apple Pie Ala Mode Moonshine,gallon apple juice,0.5,
Grandmas Apple Pie Ala Mode Moonshine,cinnamon sticks,4.0,
Grandmas Apple Pie Ala Mode Moonshine,whole clove,1.0,
Grandmas Apple Pie Ala Mode Moonshine,white sugar,1.0,cup
Grandmas Apple Pie Ala Mode Moonshine,brown sugar,1.0,cup
Grandmas Apple Pie Ala Mode Moonshine,190 proof grain alcohol (such as Everclear®),3.0,cups
Grandmas Apple Pie Ala Mode Moonshine,vanilla vodka,2.0,cups
Cosmopolitan,vodka,1.5,fluid ounce
Cosmopolitan,cointreau,0.5,fluid ounce
Cosmopolitan,fresh lime juice,1.0,teaspoon
Cosmopolitan,cranberry juice,5.5,fluid ounces
Cosmopolitan,"twist lime zest, garnish",1.0,
Limoncello,lemons,10.0,
Limoncello,vodka,1.0,liter
Limoncello,white sugar,3.0,cups
Limoncello,water,4.0,cups
Red Rooster,ice cubes,1.0,cup
Red Rooster,vodka,2.0,fluid ounces
Red Rooster,cranberry juice,4.0,fluid ounces
Red Rooster,orange juice,0.5,fluid ounce
Party Punch IV,frozen pineapple juice concentrate,16.0,ounce
Party Punch IV,frozen orange juice concentrate,12.0,fluid ounce
Party Punch IV,vodka,12.0,fluid ounces
Party Punch IV,"lemon-lime flavored carbonated beverage, chilled",4.0,liter
Party Punch IV,) jar maraschino cherries,1.0,(4 ounce
Party Punch IV,"oranges, sliced into rounds",4.0,
Party Punch IV,trays ice cubes,2.0,
Cranberry Martini,vodka,1.5,fluid ounce
Cranberry Martini,orange liqueur,0.5,fluid ounce
Cranberry Martini,dry vermouth,0.5,fluid ounce
Cranberry Martini,cranberry juice,3.0,fluid ounce
Cranberry Martini,ice,1.0,cup
Cranberry Martini,cranberries,N/A,N/A
Dirty Martini,vodka,6.0,fluid ounces
Dirty Martini,dry vermouth,1.0,dash
Dirty Martini,brine from olive jar,1.0,fluid ounce
Dirty Martini,stuffed green olives,4.0,
Summer Beer I,ice cubes,4.0,cups
Summer Beer I,frozen lemonade concentrate,6.0,ounce
Summer Beer I,beer,12.0,fluid ounce
Summer Beer I,vodka,12.0,fluid ounces
Chocolate Cake Shot,hazelnut liqueur,1.0,fluid ounce
Chocolate Cake Shot,vodka,0.5,fluid ounce
Chocolate Cake Shot,"lemon, cut into wedges",1.0,
Chocolate Cake Shot,white sugar,N/A,N/A
Sex on the Beach III,vodka,1.0,fluid ounce
Sex on the Beach III,peach schnapps,1.0,fluid ounce
Sex on the Beach III,orange juice,3.0,fluid ounces
Sex on the Beach III,cranberry juice,3.0,fluid ounces
Rebeccas Rockin Vodka Lemonade,frozen raspberry lemonade concentrate,12.0,fluid ounce
Rebeccas Rockin Vodka Lemonade,vodka,12.0,fluid ounces
Rebeccas Rockin Vodka Lemonade,lime,1.0,
White Russian,coffee flavored liqueur,1.0,fluid ounce
White Russian,vodka,1.0,fluid ounce
White Russian,cream or milk,0.5,cup
Moscow Mule Cocktail,vodka,5.5,fluid ounces
Moscow Mule Cocktail,lime juice,0.5,fluid ounce
Moscow Mule Cocktail,ice cubes,N/A,N/A
Moscow Mule Cocktail,ginger beer,0.5,cup
Moscow Mule Cocktail,lime wedge for garnish,1.0,
Whisky Tea,boiling water,1.0,cup
Whisky Tea,tea bag,1.0,
Whisky Tea,Irish whiskey,1.5,fluid ounce
Whisky Tea,milk,1.0,tablespoon
Whisky Tea,white sugar,1.0,teaspoon
Whiskey Sours,"frozen orange juice concentrate, thawed",36.0,fluid ounce
Whiskey Sours,"frozen lemonade concentrate, thawed",12.0,fluid ounce
Whiskey Sours,water,18.0,cups
Whiskey Sours,whiskey,2.0,cups
Whiskey Sours,maraschino cherries,26.0,
Whiskey Sours,orange slices for garnish,26.0,
Rob Roy,blended Scotch whiskey,0.25,cup
Rob Roy,sweet vermouth,2.0,tablespoons
Rob Roy,ice cubes,4.0,
Rob Roy,Angostura bitters,2.0,dashes
Rob Roy,maraschino cherry,1.0,
Lynchburg Lemonade Cocktail,Tennessee whiskey (such as Jack Daniels ®),1.0,fluid ounce
Lynchburg Lemonade Cocktail,triple sec,1.0,fluid ounce
Lynchburg Lemonade Cocktail,sweet and sour mix,1.0,fluid ounce
Lynchburg Lemonade Cocktail,ice,5.5,cups
Lynchburg Lemonade Cocktail,lemon-lime soda,2.0,fluid ounces
Lynchburg Lemonade Cocktail,lemon wheel,1.0,
Original Irish Cream,heavy cream,1.0,cup
Original Irish Cream,sweetened condensed milk,14.0,ounce
Original Irish Cream,Irish whiskey,4.0,cups
Original Irish Cream,instant coffee granules,1.0,teaspoon
Original Irish Cream,chocolate syrup,2.0,tablespoons
Original Irish Cream,vanilla extract,1.0,teaspoon
Original Irish Cream,almond extract,1.0,teaspoon
Hot Toddy,honey,1.0,teaspoon
Hot Toddy,boiling water,2.0,fluid ounces
Hot Toddy,whiskey,5.5,fluid ounces
Hot Toddy,whole cloves,3.0,
Hot Toddy,cinnamon stick,1.0,
Hot Toddy,slice lemon,1.0,
Hot Toddy,ground nutmeg,1.0,pinch
Whiskey Slush,frozen lemonade concentrate,12.0,fluid ounce
Whiskey Slush,frozen orange juice concentrate,6.0,ounce
Whiskey Slush,strong brewed black tea,2.0,cups
Whiskey Slush,white sugar,1.0,cup
Whiskey Slush,whiskey,2.0,cups
Whiskey Slush,water,7.0,cups
Whiskey Slush,ginger ale soda,1.0,liter
Whiskey Slush,"lemons - cut into wedges, for garnish",2.0,
Classic Whiskey Sour,simple syrup,1.0,fluid ounce
Classic Whiskey Sour,fresh lemon juice,2.0,fluid ounces
Classic Whiskey Sour,whiskey,5.0,fluid ounces
Classic Whiskey Sour,ice cubes,N/A,N/A
Classic Whiskey Sour,maraschino cherries for garnish,3.0,
Red Apple Martini,sour apple schnapps,1.5,fluid ounce
Red Apple Martini,Canadian whiskey,1.5,fluid ounce
Red Apple Martini,cranberry juice,1.5,fluid ounce
Eggnog Blend,half-and-half,4.0,cups
Eggnog Blend,white sugar,1.0,cup
Eggnog Blend,"egg yolks, beaten",11.0,
Eggnog Blend,vanilla extract,1.0,teaspoon
Eggnog Blend,heavy cream,2.0,cups
Eggnog Blend,dark rum,0.6666666666666666,cup
Eggnog Blend,Scotch whiskey,0.5,cup
Eggnog Blend,vanilla ice cream,1.0,pint
Irish Coffee,Irish cream liqueur,1.5,fluid ounce
Irish Coffee,Irish whiskey,1.5,fluid ounce
Irish Coffee,hot brewed coffee,1.0,cup
Irish Coffee,whipped cream,1.0,tablespoon
Irish Coffee,ground nutmeg,1.0,dash
True Manhattan,whiskey,2.0,fluid ounces
True Manhattan,sweet vermouth,0.5,fluid ounce
True Manhattan,bitters (optional),1.0,dash
True Manhattan,ice cubes,1.0,cup
True Manhattan,maraschino cherry for garnish,1.0,
Bourbolicious,"frozen lemonade concentrate, thawed",12.0,fluid ounce
Bourbolicious,frozen orange juice concentrate,6.0,ounce
Bourbolicious,white sugar,1.0,cup
Bourbolicious,bourbon whiskey,5.5,cups
Bourbolicious,brewed tea,5.25,cups
Bourbolicious,water,6.0,cups
Irish Car Bomb II,Irish whiskey,0.75,fluid ounce
Irish Car Bomb II,Irish cream liqueur,0.75,fluid ounce
Irish Car Bomb II,Irish stout beer,6.0,fluid ounces
Hop Skip and Go Naked,beer,72.0,fluid ounce
Hop Skip and Go Naked,frozen lemonade concentrate,12.0,fluid ounce
Hop Skip and Go Naked,whiskey,1.0,pint
Liquid Hot Apple Pie,gallon apple juice,1.0,
Liquid Hot Apple Pie,cold ginger ale,2.0,liter
Liquid Hot Apple Pie,brown sugar,1.0,cup
Liquid Hot Apple Pie,whiskey,1.0,pint
Liquid Hot Apple Pie,spiced rum,1.0,pint
Liquid Hot Apple Pie,) cinnamon sticks,3.0,(3 inch
Whiskey Paralyer,ice cubes,1.0,cup
Whiskey Paralyer,"Canadian whiskey, such as Crown Royal™",1.0,fluid ounce
Whiskey Paralyer,Kahlua or other coffee flavored liqueur,1.0,fluid ounce
Whiskey Paralyer,root beer,0.5,cup
Whiskey Paralyer,milk,2.0,fluid ounces
