,0,1,2,3,4,5,6,7,8,9,10,11,12,13,14,15,16,17,18,19,20,21,22,23,24,25,26,27,28,29
Diesel,Lager,1/2 pint ,Cider,1/2 pint ,Blackcurrant cordial,1 dash ,, ,, ,, ,, ,, ,,,,,,,,,,,,,,
Kiwi Papaya Smoothie,Kiwi,3 ,Papaya,1/2 ,, ,, ,, ,, ,, ,,,,,,,,,,,,,,,,
Homemade Kahlua,Sugar,2 1/2 cups ,Corn syrup,1 cup ,Coffee,1 1/2 oz instant ,Vanilla extract,2 oz ,Water,3 cups boiling ,Vodka,1 fifth ,, ,, ,, ,, ,, ,,,,,,,,
Zimadori Zinger,Midori melon liqueur,1.5 oz ,Zima,12 oz ,, ,, ,, ,, ,, ,,,,,,,,,,,,,,,,
Brave Bull Shooter,Tequila,1/2 oz ,Tabasco sauce,1/2 oz ,, ,, ,, ,, ,, ,,,,,,,,,,,,,,,,
Abilene,Dark rum,1 1/2 oz ,Peach nectar,2 oz ,Orange juice,3 oz ,, ,, ,, ,, ,, ,,,,,,,,,,,,,,
Bobby Burns Cocktail,Sweet Vermouth,1 1/2 oz ,Scotch,1 1/2 oz ,Benedictine,1 1/4 tsp ,Lemon peel,1 twist of ,, ,, ,, ,, ,, ,,,,,,,,,,,,
Rum Punch,Rum,mikey bottle ,Ginger ale,large bottle ,Fruit punch,355 ml frozen ,Orange juice,355 ml frozen ,Ice,crushed ,, ,, ,, ,, ,, ,,,,,,,,,,
Shot-gun,Jim Beam,1 part ,Jack Daniels,1 part ,Wild Turkey,1 oz ,, ,, ,, ,, ,, ,,,,,,,,,,,,,,
Boulevardier,Campari,1 oz,Sweet Vermouth,1 oz,Rye whiskey,1 1/4 oz,Orange Peel,1,,,,,,,,,,,,,,,,,,,,,,
Caipirissima,Lime,2 ,Sugar,2 tblsp ,White rum,2-3 oz ,Ice,crushed ,, ,, ,, ,, ,, ,,,,,,,,,,,,
Boozy Snickers Milkshake,Vanilla Ice-Cream,3 cups ,Milk,1 cup ,Godiva liqueur,1/2 cup ,Whipped Cream,for topping,caramel sauce,"4 tablespoons
",chocolate sauce,"4 tablespoons
",Mini-snickers bars,"15
",,,,,,,,,,,,,,,,
Stone Sour,Apricot brandy,1 oz ,Orange juice,1 oz ,Sweet and sour,1 oz ,, ,, ,, ,, ,, ,,,,,,,,,,,,,,
Rum Old-fashioned,Light rum,1 1/2 oz ,151 proof rum,1 tsp ,Powdered sugar,1/2 tsp ,Bitters,1 dash ,Water,1 tsp ,Lime peel,Twist of ,, ,, ,, ,, ,, ,,,,,,,,
Bellini Martini,Ice,8 cubes ,Vodka,3 oz ,Peach nectar,1.5 oz ,Peach schnapps,1.5 oz ,Lemon peel,1 ,, ,, ,, ,, ,, ,,,,,,,,,,
Apricot Lady,Light rum,1 1/2 oz ,Apricot brandy,1 oz ,Triple sec,1 tsp ,Lemon juice,1/2 oz ,Egg white,1 ,Orange,1 ,, ,, ,, ,, ,, ,,,,,,,,
Midnight Mint,Bailey's irish cream,1 oz ,White Creme de Menthe,3/4 oz ,Cream,3/4 oz double ,, ,, ,, ,, ,, ,,,,,,,,,,,,,,
Pink Penocha,Everclear,750 ml ,Vodka,1750 ml ,Peach schnapps,1750 ml ,Orange juice,1 gal ,Cranberry juice,1 gal ,, ,, ,, ,, ,, ,,,,,,,,,,
After Dinner Cocktail,Apricot brandy,1 oz ,Triple sec,1 oz ,Lime,Juice of 1 ,Lime,1 ,, ,, ,, ,, ,, ,,,,,,,,,,,,
Whiskey Sour,Blended whiskey,2 oz ,Lemon,Juice of 1/2 ,Powdered sugar,1/2 tsp ,Cherry,1 ,Lemon,1/2 slice ,, ,, ,, ,, ,, ,,,,,,,,,,
Applejack,Jack Daniels,1 oz ,Midori melon liqueur,1/2 oz ,Sour mix,2 oz ,, ,, ,, ,, ,, ,,,,,,,,,,,,,,
Tipperary,Irish Whiskey,2 oz,Sweet Vermouth,1 oz,Green Chartreuse,1/2 oz,,,,,,,,,,,,,,,,,,,,,,,,
Lemouroudji,Ginger,2 pieces ,Water,1 gal ,Lemon,1 lb ,Sugar,1 cup ,Cayenne pepper,ground ,, ,, ,, ,, ,, ,,,,,,,,,,
Quaker's Cocktail,Light rum,3/4 oz ,Brandy,3/4 oz ,Lemon,Juice of 1/4 ,Raspberry syrup,2 tsp ,, ,, ,, ,, ,, ,,,,,,,,,,,,
Brandon and Will's Coke Float,Vanilla ice-cream,2 scoops ,Coca-Cola,1 can ,Bourbon,2 oz ,, ,, ,, ,, ,, ,,,,,,,,,,,,,,
Strawberry Daiquiri,Strawberry schnapps,1/2 oz ,Light rum,1 oz ,Lime juice,1 oz ,Powdered sugar,1 tsp ,Strawberries,1 oz ,, ,, ,, ,, ,, ,,,,,,,,,,
Caipirinha,Sugar,2 tsp,Lime,1 ,Cachaca,2 1/2 oz ,, ,, ,, ,, ,, ,,,,,,,,,,,,,,
Mint Julep,Mint,4 fresh ,Bourbon,2 1/2 oz ,Powdered sugar,1 tsp ,Water,2 tsp ,, ,, ,, ,, ,, ,,,,,,,,,,,,
Jitterbug,Gin,2 jiggers ,Vodka,1 jigger ,Grenadine,3 dashes ,Lime juice,1 shot ,Sugar,Around rim put 1 pinch ,Sugar syrup,3 dashes ,Soda water,Fill to top with ,, ,, ,, ,, ,, ,,,,,,
Godchild,Vodka,1 oz ,Amaretto,1 oz ,Heavy cream,1 oz ,, ,, ,, ,, ,, ,,,,,,,,,,,,,,
Queen Bee,Coffee brandy,1 oz ,Lime vodka,1 1/2 oz ,Sherry,1/2 oz cream ,, ,, ,, ,, ,, ,,,,,,,,,,,,,,
National Aquarium,Rum,1/2 oz ,Vodka,1/2 oz ,Gin,1/2 oz ,Blue Curacao,1/2 oz ,Sour mix,2 oz ,Lemon-lime soda,1 splash ,, ,, ,, ,, ,, ,,,,,,,,
Jackhammer,Jack Daniels,1 oz ,Amaretto,1 oz ,, ,, ,, ,, ,, ,,,,,,,,,,,,,,,,
Talos Coffee,Grand Marnier,3 parts ,Coffee,1 part ,, ,, ,, ,, ,, ,,,,,,,,,,,,,,,,
Vodka Martini,Vodka,1 1/2 oz ,Dry Vermouth,3/4 oz ,Olive,1 ,, ,, ,, ,, ,, ,,,,,,,,,,,,,,
Masala Chai,Water,2 cups ,Tea,3-4 tsp ,Ginger,1 chunk dried ,Cardamom,3-4 crushed ,Cloves,3 ,Cinnamon,1 piece ,Black pepper,1-2 whole ,Sugar," to taste
",Milk, ,, ,, ,, ,, ,,,,
Miami Vice,151 proof rum,5 oz Bacardi ,Pina colada mix,frozen ,Daiquiri mix,frozen ,, ,, ,, ,, ,, ,,,,,,,,,,,,,,
Snakebite and Black,Lager,1/2 pint ,Cider,1/2 pint ,Blackcurrant squash,A little bit of ,, ,, ,, ,, ,, ,,,,,,,,,,,,,,
Godfather,Scotch,1 1/2 oz ,Amaretto,3/4 oz ,, ,, ,, ,, ,, ,,,,,,,,,,,,,,,,
Champagne Cocktail,Champagne,Chilled ,Sugar,1 piece ,Bitters,2 dashes ,Lemon peel,1 twist of ,Cognac,1 dash,, ,, ,, ,, ,,,,,,,,,,,,
Scotch Sour,Scotch,1 1/2 oz ,Lime,Juice of 1/2 ,Powdered sugar,1/2 tsp ,Lemon,1/2 slice ,Cherry,1 ,, ,, ,, ,, ,, ,,,,,,,,,,
Affinity,Scotch,1 1/2 oz ,Sweet Vermouth,1 oz ,Dry Vermouth,1 oz ,Orange bitters,2 dashes ,, ,, ,, ,, ,, ,,,,,,,,,,,,
Japanese Fizz,Blended whiskey,1 1/2 oz ,Lemon,Juice of 1/2 ,Powdered sugar,1 tsp ,Port,1 tblsp ,Egg white,1 ,Carbonated water,"
",,"
",,"
",,"
",,"
",,"
",,,,,,,,
Bob Marley,Midori melon liqueur,1/2 oz ,Jägermeister,1/2 oz ,Goldschlager,1/2 oz ,, ,, ,, ,, ,, ,,,,,,,,,,,,,,
Swedish Coffee,Coffee,1 cup,Aquavit,4 cl ,Sugar,By taste ,, ,, ,, ,, ,, ,,,,,,,,,,,,,,
Fruit Shake,Yoghurt,1 cup fruit ,Banana,1 ,Orange juice,4 oz frozen ,Fruit,1/2 piece textural ,Ice,6 ,, ,, ,, ,, ,, ,,,,,,,,,,
Golden dream,Galliano,2 parts,Triple Sec,2 parts,orange juice,2 parts,Cream,1 part,, ,, ,, ,, ,, ,,,,,,,,,,,,
69 Special,Gin,2 oz dry ,7-Up,4 oz ,Lemon juice,0.75 oz ,, ,, ,, ,, ,, ,,,,,,,,,,,,,,
Singapore Sling,Cherry brandy,1/2 oz ,Grenadine,1/2 oz ,Gin,1 oz ,Sweet and sour,2 oz ,Carbonated water,,Cherry,,,,,,,,,,,,,,,,,,,
Gin Rickey,Gin,2 oz ,Grenadine,1 tsp ,lemon,Juice of 1/2 ,Soda Water,Top up with,Lime,Garnish,,"
",,"
",,,,,,,,,,,,,,,,
Radler,Beer,12 oz ,7-Up,12 oz ,, ,, ,, ,, ,, ,,,,,,,,,,,,,,,,
Lone Tree Cooler,Carbonated water,"
",Gin,"
",Dry Vermouth,"
",Powdered sugar,"
",Orange spiral,"
",Lemon peel,"
",,"
",,"
",,"
",,"
",,"
",,,,,,,,
Angel Face,Apricot brandy,1/2 oz ,Apple brandy,1/2 oz ,Gin,1 oz ,, ,, ,, ,, ,, ,,,,,,,,,,,,,,
Chicago Fizz,Light rum,1 oz ,Port,1 oz ,Lemon,Juice of 1/2 ,Powdered sugar,1 tsp ,Egg white,1 ,Carbonated water,"
",,"
",,"
",,"
",,"
",,"
",,,,,,,,
Bloody Mary,Vodka,1 1/2 oz ,Tomato juice,3 oz ,Lemon juice,1 dash ,Worcestershire sauce,1/2 tsp ,Tabasco sauce,2-3 drops ,Lime,1 wedge ,, ,, ,, ,, ,, ,,,,,,,,
Paradise,Gin,7 parts,Apricot Brandy,4 parts,Orange Juice,3 parts ,, ,, ,, ,, ,,,,,,,,,,,,,,,,
Alice in Wonderland,Amaretto,1 shot ,Grand Marnier,1 shot ,Southern Comfort,1 shot ,, ,, ,, ,, ,, ,,,,,,,,,,,,,,
Frappé,Coffee,1/2 cup black ,Milk,1/2 cup ,Sugar,1-2 tsp ,, ,, ,, ,, ,, ,,,,,,,,,,,,,,
Mocha-Berry,Coffee,6 oz ,Chambord raspberry liqueur,2 oz ,Cocoa powder,2 tblsp ,Whipped cream,"
",,"
",,"
",,"
",,"
",,"
",,,,,,,,,,,,
Grasshopper,Green Creme de Menthe,3/4 oz ,Creme de Cacao,3/4 oz white ,Light cream,3/4 oz ,, ,, ,, ,, ,, ,,,,,,,,,,,,,,
Gin Toddy,Gin,2 oz ,Water,2 tsp ,Powdered sugar,1/2 tsp ,Lemon peel,1 twist of ,, ,, ,, ,, ,, ,,,,,,,,,,,,
Tommy's Margarita,Tequila,4.5 cl,Lime Juice,1.5 cl,Agave syrup,2 spoons,,,,,, ,, ,,,,,,,,,,,,,,,,
A.D.M. (After Dinner Mint),White Creme de Menthe,1/2 oz ,Southern Comfort,3/4 oz ,Vodka,1/2 oz ,Hot chocolate,Fill with ,, ,, ,, ,, ,, ,,,,,,,,,,,,
501 Blue,Blue Curacao,"
",Blueberry schnapps,"
",Vodka,"
",Sour mix,"
",7-Up,"
",,"
",,"
",,"
",,,,,,,,,,,,,,
Flaming Dr. Pepper,Amaretto,1 oz ,Vodka,1 oz ,151 proof rum,1 oz Bacardi ,Dr. Pepper,1 oz ,Beer,1 oz ,, ,, ,, ,, ,, ,,,,,,,,,,
Absolutely Cranberry Smash,Absolut Vodka,2 oz ,Cranberry juice,4 oz ,Ginger ale,2 oz ,Ice,Add ,, ,, ,, ,, ,, ,,,,,,,,,,,,
Foxy Lady,Amaretto,1/2 oz ,Creme de Cacao,1/2 oz ,Light cream,2 oz ,, ,, ,, ,, ,, ,,,,,,,,,,,,,,
Absolut limousine,Absolut Citron,2/3 ,Lime juice,1/3 ,Ice,Fill with ,Tonic water,Top it up with ,, ,, ,, ,, ,, ,,,,,,,,,,,,
English Rose Cocktail,Apricot brandy,3/4 oz ,Gin,1 1/2 oz ,Dry Vermouth,3/4 oz ,Grenadine,1 tsp ,Lemon juice,1/4 tsp ,Cherry,1 ,, ,, ,, ,, ,, ,,,,,,,,
Grass Skirt,Gin,1 1/2 oz ,Triple sec,1 oz ,Pineapple juice,1 oz ,Grenadine,1/2 tsp ,Pineapple,1 ,, ,, ,, ,, ,, ,,,,,,,,,,
Bloody Maria,Tequila,1 oz ,Tomato juice,2 oz ,Lemon juice,1 dash ,Tabasco sauce,1 dash ,Celery salt,1 dash ,Lemon,1 slice ,, ,, ,, ,, ,, ,,,,,,,,
Bubble Gum,Vodka,1/4 ,Banana liqueur,1/4 ,Orange juice,1/4 ,Peach schnapps,1/4 ,, ,, ,, ,, ,, ,,,,,,,,,,,,
Lord And Lady,Dark rum,1 1/2 oz ,Tia maria,1/2 oz ,, ,, ,, ,, ,, ,,,,,,,,,,,,,,,,
Apple Cider Punch #1,Apple cider,4 qt ,Brown sugar,1 cup ,Lemonade,6 oz frozen ,Orange juice,6 oz frozen ,Cloves,6 whole ,Allspice,6 whole ,Nutmeg,1 tsp ground ,Cinnamon,3 sticks ,, ,, ,, ,, ,, ,,,,
Texas Sling,Kahlua,1/2 oz ,Irish cream,1/2 oz ,Amaretto,1/2 oz ,151 proof rum,1/2 oz Bacardi ,Cream,1 oz ,, ,, ,, ,, ,, ,,,,,,,,,,
A midsummernight dream,Vodka,2 oz ,Kirschwasser,1 oz ,Strawberry liqueur,1 tsp ,Strawberries,5 ,Schweppes Russchian,"
",,"
",,"
",,"
",,"
",,"
",,,,,,,,,,
Dark and Stormy,Dark Rum,5 cl,Ginger Beer,10 cl,,,,,,,, ,, ,,,,,,,,,,,,,,,,
Owen's Grandmother's Revenge,Whiskey,12 oz ,Beer,12 oz ,Lemonade,12 oz frozen ,Ice,1 cup crushed ,, ,, ,, ,, ,, ,,,,,,,,,,,,
Sweet Sangria,Red wine,2 bottles ,Sugar,1 cup ,Water,2 cups hot ,Apple,1 cup ,Orange," wedges
",Lime," wedges
",Lemon,"
",Fresca,"
",,"
",,"
",,"
",,"
",,,,,,
Cosmopolitan,Absolut Citron,1 1/4 oz ,Lime juice,1/4 oz ,Cointreau,1/4 oz ,Cranberry juice,1/4 cup ,, ,, ,, ,, ,, ,,,,,,,,,,,,
Hunter's Moon,Vermouth,25 ml,Maraschino Cherry,15 ml,Sugar Syrup,10 ml,Lemonade,100 ml,Blackberries,2,,,,,,,,,,,,,,,,,,,,
Cherry Electric Lemonade,Gin,1 oz,Tequila,1 oz,Vodka,1 oz,White rum,1 oz,Triple Sec,1 oz,Cherry Grenadine,1 oz,Sweet and sour,1 oz,Club soda,3 oz,,,,,,,,,,,,,,
Lemon Drop,Absolut Vodka,1 1/2 shot ,Cointreau,1 1/2 shot ,Lemon,Juice of 1 wedge ,, ,, ,, ,, ,, ,,,,,,,,,,,,,,
New York Lemonade,Absolut Citron,2 oz ,Grand Marnier,1 oz ,Lemon juice,2 oz sweetened ,Club soda,1 oz ,, ,, ,, ,, ,, ,,,,,,,,,,,,
Pina Colada,Light rum,3 oz ,Coconut milk,3 tblsp ,Pineapple,3 tblsp ,, ,, ,, ,, ,, ,,,,,,,,,,,,,,
Flander's Flake-Out,Sambuca,1/4 glass ,Sarsaparilla,3/4 glass ,, ,, ,, ,, ,, ,,,,,,,,,,,,,,,,
Sea breeze,Vodka,1 1/2 oz ,Cranberry juice,4 oz ,Grapefruit juice,1 oz ,, ,, ,, ,, ,, ,,,,,,,,,,,,,,
Orange Whip,Orange juice,4 oz ,Rum,1 oz ,Vodka,1 oz ,Cream,1 package ,Ice,Over ,, ,, ,, ,, ,, ,,,,,,,,,,
Lassi - Sweet,Yoghurt,1 cup ,Water,2 cups cold ,Sugar,4 tblsp ,Salt,pinch ,Lemon juice,2 tblsp ,, ,, ,, ,, ,, ,,,,,,,,,,
Rum Sour,Light rum,2 oz ,Lemon juice,1 oz ,Sugar,1/2 tsp superfine ,Orange,1 ,Maraschino cherry,1 ,, ,, ,, ,, ,, ,,,,,,,,,,
Moscow Mule,Vodka,2 oz ,Lime juice,2 oz ,Ginger ale,8 oz ,, ,, ,, ,, ,, ,,,,,,,,,,,,,,
Screwdriver,Vodka,2 oz ,Orange juice,,,,,,,,,,,,,,,,,,,,,,,,,,,
Rosemary Blue,Gin,50 ml,Blue Curacao,15 ml,Tonic Water,100 ml,Rosemary,Garnish with,,,,,,,,,,,,,,,,,,,,,,
Almond Joy,Amaretto,1/2 oz ,Creme de Cacao,1/2 oz white ,Light cream,2 oz ,, ,, ,, ,, ,, ,,,,,,,,,,,,,,
Avalon,Vodka,3 parts,Pisang Ambon,1 part ,Apple juice,6 parts ,Lemon juice,1 1/2 part ,Lemonade,"
",,"
",,"
",,"
",,"
",,"
",,,,,,,,,,
The Jimmy Conway,Irish Whiskey,50 ml,Amaretto,50 ml,Cranberry Juice,4 oz,,,,,,,,,,,,,,,,,,,,,,,,
Kool-Aid Shot,Vodka,1 shot ,Amaretto,1 shot ,Sloe gin,1 shot ,Triple sec,1 shot ,Cranberry juice,"
",,"
",,"
",,"
",,"
",,"
",,,,,,,,,,
Kiwi Lemon,Kiwi liqueur,1 part ,Bitter lemon,2 parts ,Ice," cubes
",,"
",,"
",,"
",,"
",,"
",,,,,,,,,,,,,,
Absolut Evergreen,Absolut Citron,2/3 part ,Pisang Ambon,1/3 part ,Ice," cubes
",Bitter lemon,"
",,"
",,"
",,"
",,"
",,"
",,,,,,,,,,,,
Iced Coffee,Coffee,1/4 cup instant ,Sugar,1/4 cup ,Water,1/4 cup hot ,Milk,4 cups cold ,, ,, ,, ,, ,, ,,,,,,,,,,,,
"French ""75""",Gin,1 1/2 oz ,Sugar,2 tsp superfine ,Lemon juice,1 1/2 oz ,Champagne,4 oz Chilled ,Orange,1 ,Maraschino cherry,1 ,, ,, ,, ,, ,, ,,,,,,,,
Spanish chocolate,Milk,2 cups ,Chocolate,2 oz sweet ,Cinnamon,1/2 tsp ,Egg yolk,2 beaten ,, ,, ,, ,, ,, ,,,,,,,,,,,,
Wine Cooler,Red wine,2 oz white or ,Lemon-lime soda,5 oz ,Ice," cubes
",,"
",,"
",,"
",,"
",,"
",,,,,,,,,,,,,,
Scooter,Brandy,1 oz ,Amaretto,1 oz ,Light cream,1 oz ,, ,, ,, ,, ,, ,,,,,,,,,,,,,,
Quick F**K,Kahlua,1 part ,Midori melon liqueur,1 part ,Bailey's irish cream,1 part ,, ,, ,, ,, ,, ,,,,,,,,,,,,,,
Vodka Fizz,Vodka,2 oz ,Half-and-half,2 oz ,Limeade,2 oz ,Ice,"
",Nutmeg,"
",,"
",,"
",,"
",,"
",,"
",,,,,,,,,,
Long vodka,Vodka,5 cl ,Lime,1/2 ,Angostura bitters,4 dashes ,Tonic water,1 dl Schweppes ,Ice,4 ,, ,, ,, ,, ,, ,,,,,,,,,,
Kurant Tea,Absolut Kurant,4 cl ,Tea,Turkish apple ,Sugar," (if needed)
",,"
",,"
",,"
",,"
",,"
",,,,,,,,,,,,,,
Tia-Maria,Water,1 cup ,Brown sugar,3/4-1 cup ,Coffee,4 tsp ,Rum,1 cup ,Vanilla extract,4 tsp ,, ,, ,, ,, ,, ,,,,,,,,,,
White Russian,Vodka,2 oz ,Coffee liqueur,1 oz ,Light cream,"
",,"
",,"
",,"
",,"
",,"
",,,,,,,,,,,,,,
Irish Spring,Irish whiskey,1 oz ,Peach brandy,1/2 oz ,Orange juice,1 oz ,Sweet and sour,1 oz ,Orange,1 slice ,Cherry,1 ,, ,, ,, ,, ,, ,,,,,,,,
Mulled Wine,Water,3 cups ,Sugar,1 cup ,Cloves,12 ,Cinnamon,2 ,Lemon peel,1 ,Red wine,750 ml ,Brandy,1/4 cup ,, ,, ,, ,, ,, ,,,,,,
Pysch Vitamin Light,Orange juice,1 part ,Apple juice,1 part ,Pineapple juice,1 part ,Ice,"
",,"
",,"
",,"
",,"
",,"
",,,,,,,,,,,,
Paloma,Grape Soda,3 oz,Tequila,1 1/2 oz,,,,,,,,,,,,,,,,,,,,,,,,,,
The Laverstoke,Gin,50 ml,Elderflower cordial,15 ml,Rosso Vermouth,15 ml,Tonic Water,75 ml,Lime,2 Wedges,Ginger,1 Slice,Mint,1 Large Sprig,,,,,,,,,,,,,,,,
Boxcar,Gin,1 1/2 oz ,Triple sec,1 oz ,Lemon juice,1 tsp ,Grenadine,1/2 tsp ,Egg white,1 ,, ,, ,, ,, ,, ,,,,,,,,,,
Tequila Fizz,Tequila,2 oz ,Lemon juice,1 tblsp ,Grenadine,3/4 oz ,Egg white,1 ,Ginger ale,"
",,"
",,"
",,"
",,"
",,"
",,,,,,,,,,
Sunny Holiday Punch,Pineapple juice,46 oz chilled ,Club soda,28 oz ,Orange juice,6 oz frozen ,Lemon,1 ,Berries,2 cups ,Champagne,1 bottle ,, ,, ,, ,, ,, ,,,,,,,,
Sidecar,Cognac,2 oz ,Cointreau,1/2 oz ,Lemon juice,1 oz ,, ,, ,, ,, ,, ,,,,,,,,,,,,,,
Black Russian,Coffee liqueur,3/4 oz ,Vodka,1 1/2 oz ,, ,, ,, ,, ,, ,,,,,,,,,,,,,,,,
Autodafé,Vodka,4 cl ,Lime juice,1 dash ,Soda water,"
",,"
",,"
",,"
",,"
",,"
",,,,,,,,,,,,,,
Green Goblin,Cider,1/2 pint hard ,Lager,1/2 pint ,Blue Curacao,1 shot ,, ,, ,, ,, ,, ,,,,,,,,,,,,,,
Kill the cold Smoothie,Ginger,1 inch ,Lemon,1/4 ,Water,1 cup hot ,, ,, ,, ,, ,, ,,,,,,,,,,,,,,
Brigadier,Hot Chocolate,4 oz,Green Chartreuse,1 oz,Cherry Heering,1 oz,,,,,,,,,,,,,,,,,,,,,,,,
John Collins,Bourbon,2 oz ,Lemon juice,1 oz ,Sugar,1 tsp superfine ,Club soda,3 oz ,Maraschino cherry,1 ,Orange,1 ,, ,, ,, ,, ,, ,,,,,,,,
Tuxedo Cocktail,Dry Vermouth,1 1/2 oz ,Gin,1 1/2 oz ,Maraschino liqueur,1/4 tsp ,Anis,1/4 tsp ,Orange bitters,2 dashes ,Cherry,1 ,, ,, ,, ,, ,, ,,,,,,,,
Monkey Wrench,Light rum,1 1/2 oz ,Grapefruit juice,3 oz ,Bitters,1 dash ,, ,, ,, ,, ,, ,,,,,,,,,,,,,,
Pink Gin,Bitters,3 dashes ,Gin,2 oz ,, ,, ,, ,, ,, ,,,,,,,,,,,,,,,,
Gin Squirt,Gin,1 1/2 oz ,Grenadine,1 tsp ,Powdered sugar,1 tblsp ,Pineapple,3 chunks ,Strawberries,2 ,Carbonated water,"
",,"
",,"
",,"
",,"
",,"
",,,,,,,,
Mudslinger,Southern Comfort,750 ml ,Orange juice,1 L ,Pepsi Cola,750 ml ,, ,, ,, ,, ,, ,,,,,,,,,,,,,,
Jello shots,Vodka,2 cups ,Jello,3 packages ,Water,3 cups ,, ,, ,, ,, ,, ,,,,,,,,,,,,,,
Apello,Orange juice,4 cl ,Grapefruit juice,3 cl ,Apple juice,1 cl ,Maraschino cherry,1 ,, ,, ,, ,, ,, ,,,,,,,,,,,,
A Day at the Beach,Coconut rum,1 oz ,Amaretto,1/2 oz ,Orange juice,4 oz ,Grenadine,1/2 oz ,, ,, ,, ,, ,, ,,,,,,,,,,,,
Dubonnet Cocktail,Dubonnet Rouge,1 1/2 oz ,Gin,3/4 oz ,Bitters,1 dash ,Lemon peel,1 twist of ,, ,, ,, ,, ,, ,,,,,,,,,,,,
Bramble,Gin,4 cl,lemon juice,1.5 cl,Sugar syrup,1 cl,Creme de Mure,1.5 cl,,,, ,, ,,,,,,,,,,,,,,,,
Veteran,Dark rum,2 oz ,Cherry brandy,1/2 oz ,, ,, ,, ,, ,, ,,,,,,,,,,,,,,,,
Angelica Liqueur,Angelica root,3 tblsp chopped,Almond,1 tblsp chopped ,Allspice,1 cracked ,Cinnamon,1 one-inch ,Anise,3-6 crushed ,Coriander,1/8 tsp powdered ,Marjoram leaves,1 tblsp fresh chopped ,Vodka,1.5 cup ,Sugar,1/2 cup granulated ,Water,1/4 cup ,Food coloring,1 drop yellow ,Food coloring,1 drop green ,, ,, ,, 
Arthur Tompkins,Gin,2 oz ,Grand Marnier,1/2 oz ,Lemon juice,2 tsp ,Lemon peel,1 twist of ,, ,, ,, ,, ,, ,,,,,,,,,,,,
Margarita,Tequila,1 1/2 oz ,Triple sec,1/2 oz ,Lime juice,1 oz ,Salt,,,,,,,,,,,,,,,,,,,,,,,
Wine Punch,Red wine,1 bottle ,Lemon,2 ,Orange juice,1 cup ,Orange,3 ,Pineapple juice,1 cup ,, ,, ,, ,, ,, ,,,,,,,,,,
Alabama Slammer,Southern Comfort,1 oz ,Amaretto,1 oz ,Sloe gin,1/2 oz ,Lemon juice,1 dash ,, ,, ,, ,, ,, ,,,,,,,,,,,,
Boston Sour,Blended whiskey,2 oz ,Lemon,Juice of 1/2 ,Powdered sugar,1 tsp ,Egg white,1 ,Lemon,1 slice ,Cherry,1 ,, ,, ,, ,, ,, ,,,,,,,,
Derby,gin,6 cl,Peach Bitters,2 dashes,Mint,2 Fresh leaves,, ,, ,, ,, ,, ,,,,,,,,,,,,,,
Ace,Gin,2 shots ,Grenadine,1/2 shot ,Heavy cream,1/2 shot ,Milk,1/2 shot ,Egg White,1/2 Fresh,,"
",,"
",,,,,,,,,,,,,,,,
Manhattan,Sweet Vermouth,3/4 oz ,Bourbon,2 1/2 oz Blended ,Angostura bitters,dash ,Ice,2 or 3 ,Maraschino cherry,1 ,Orange peel,1 twist of ,, ,, ,, ,, ,, ,,,,,,,,
Pink Panty Pulldowns,Sprite,1 L ,Pink lemonade,2 cups ,Vodka,2 cups ,, ,, ,, ,, ,, ,,,,,,,,,,,,,,
Lone Tree Cocktail,Sweet Vermouth,3/4 oz ,Gin,1 1/2 oz ,, ,, ,, ,, ,, ,,,,,,,,,,,,,,,,
Royal Gin Fizz,Gin,2 oz ,Lemon,Juice of 1/2 ,Powdered sugar,1 tsp ,Egg,1 whole ,Carbonated water,"
",,"
",,"
",,"
",,"
",,"
",,,,,,,,,,
Kool First Aid,151 proof rum,2 oz light ,Kool-Aid,1/2 tsp Tropical ,, ,, ,, ,, ,, ,,,,,,,,,,,,,,,,
Thai Iced Coffee,Coffee,black,Sugar,"
",Cream," pods
",Cardamom,"
",,"
",,"
",,"
",,"
",,,,,,,,,,,,,,
Jamaica Kiss,Coffee liqueur,1 shot ,Light rum,1 shot Jamaican ,Ice," cubes
",Milk,"
",,"
",,"
",,"
",,"
",,"
",,,,,,,,,,,,
Greyhound,Vodka,1 1/2 oz,Grapefruit Juice,3 oz,,,,,,,,,,,,,,,,,,,,,,,,,,
Long Island Iced Tea,Vodka,1/2 oz ,Tequila,1/2 oz ,Light rum,1/2 oz ,Gin,1/2 oz ,Coca-Cola,1 dash ,Lemon peel,Twist of ,, ,, ,, ,, ,, ,,,,,,,,
Arctic Fish,Vodka,1/3 part ,Grape soda,1/3 part ,Orange juice,1/3 part ,Ice,lots ,Candy,1 dash ,, ,, ,, ,, ,, ,,,,,,,,,,
Bahama Mama,Rum,3 parts,Dark Rum,1 part,Banana liqueur,1 part,Grenadine,1 part,Pineapple Juice,2 parts,Orange Juice,2 parts,Sweet and Sour,1 part,,,,,,,,,,,,,,,,
Port Wine Cocktail,Port,2 1/2 oz ,Brandy,1/2 tsp ,, ,, ,, ,, ,, ,,,,,,,,,,,,,,,,
Waikiki Beachcomber,Triple sec,3/4 oz ,Gin,3/4 oz ,Pineapple juice,1 tblsp ,, ,, ,, ,, ,, ,,,,,,,,,,,,,,
Alice Cocktail,Grenadine,1 cl ,Orange juice,1 cl ,Pineapple juice,2 cl ,Cream,4 cl ,, ,, ,, ,, ,, ,,,,,,,,,,,,
24k nightmare,Goldschlager,1/2 oz ,Jägermeister,1/2 oz ,Rumple Minze,1/2 oz ,151 proof rum,1/2 oz Bacardi ,, ,, ,, ,, ,, ,,,,,,,,,,,,
Long Island Tea,Vodka,1/2 oz ,Light rum,1/2 oz ,Gin,1/2 oz ,Tequila,1/2 oz ,Lemon,Juice of 1/2 ,Coca-Cola,1 splash ,, ,, ,, ,, ,, ,,,,,,,,
Porto flip,Brandy,3 parts,Port,9 parts,Egg Yolk,2 parts,, ,, ,, ,, ,, ,,,,,,,,,,,,,,
Bleeding Surgeon,Dark rum,1 shot ,Orange,1 slice ,Surge,1/2 glass ,Cranberry juice,1/2 glass ,, ,, ,, ,, ,, ,,,,,,,,,,,,
Alexander,Gin,1/2 oz ,Creme de Cacao,1/2 oz white ,Light cream,2 oz ,Nutmeg,,,,,,,,,,,,,,,,,,,,,,,
Turf Cocktail,Dry Vermouth,1 oz ,Gin,1 oz ,Anis,1/4 tsp ,Bitters,2 dashes ,Orange peel,Twist of ,, ,, ,, ,, ,, ,,,,,,,,,,
Citrus Coke,Bacardi Limon,1 part ,Coca-Cola,2 parts ,, ,, ,, ,, ,, ,,,,,,,,,,,,,,,,
Bijou,Orange Bitters,1 dash,Green Chartreuse,1 oz,Gin,1 oz,Sweet Vermouth,1 oz,,,,,,,,,,,,,,,,,,,,,,
Spiced Peach Punch,Peach nectar,46 oz ,Orange juice,20 oz ,Brown sugar,1/2 cup ,Cinnamon,3 3-inch ,Cloves,1/2 tsp ,Lime juice,2 tblsp ,, ,, ,, ,, ,, ,,,,,,,,
Cherry Rum,Light rum,1 1/4 oz ,Cherry brandy,1 1/2 tsp ,Light cream,1 tblsp ,, ,, ,, ,, ,, ,,,,,,,,,,,,,,
Shark Attack,Lemonade,1 can ,Water,3 cans ,Vodka,1 1/2 cup ,, ,, ,, ,, ,, ,,,,,,,,,,,,,,
Texas Rattlesnake,Yukon Jack,1 part ,Cherry brandy,1/2 part ,Southern Comfort,1 part ,Sweet and sour,1 splash ,, ,, ,, ,, ,, ,,,,,,,,,,,,
Jam Donut,Baileys irish cream,2/3 oz,Chambord raspberry liqueur,1/3 oz,Sugar syrup,1 tsp,Sugar,2 pinches,,,,,,,,,,,,,,,,,,,,,,
Grim Reaper,Kahlua,1 oz ,151 proof rum,1 oz Bacardi ,Grenadine,1 dash ,, ,, ,, ,, ,, ,,,,,,,,,,,,,,
Herbal flame,Hot Damn,5 shots ,Tea,very sweet ,, ,, ,, ,, ,, ,,,,,,,,,,,,,,,,
Cuba Libre,Light rum,2 oz ,Lime,Juice of 1/2 ,Coca-Cola,,,,,,,,,,,,,,,,,,,,,,,,,
Amaretto Stone Sour #3,Sour mix,2 oz ,Amaretto,2 oz ,Tequila,2 oz ,Orange juice,Add splash ,, ,, ,, ,, ,, ,,,,,,,,,,,,
After Five,Peppermint schnapps,"
",Kahlua,"
",Bailey's irish cream,"
",,"
",,"
",,"
",,"
",,,,,,,,,,,,,,,,
California Lemonade,Blended whiskey,2 oz ,Lemon,Juice of 1 ,Lime,Juice of 1 ,Powdered sugar,1 tblsp ,Grenadine,1/4 tsp ,Carbonated water,"
",,"
",,"
",,"
",,"
",,"
",,,,,,,,
A1,Gin,1 3/4 shot ,Grand Marnier,1 Shot ,Lemon Juice,1/4 Shot,Grenadine,1/8 Shot,,"
",,"
",,"
",,,,,,,,,,,,,,,,
Strawberry Shivers,Strawberries,1 1/2 cup ,Honey,4 tsp ,Water,1/2 cup ,, ,, ,, ,, ,, ,,,,,,,,,,,,,,
Karsk,Coffee,1 part ,Grain alcohol,2 parts ,, ,, ,, ,, ,, ,,,,,,,,,,,,,,,,
Mojito #3,Mint,1/2 handful ,Lemon juice,3 cl ,Dark rum,1/8 L Jamaican ,Club soda,1/8 L ,Angostura bitters,8 drops ,, ,, ,, ,, ,, ,,,,,,,,,,
Havana Cocktail,Light rum,1 oz ,Pineapple juice,1 oz ,Lemon juice,1 tsp ,, ,, ,, ,, ,, ,,,,,,,,,,,,,,
Gin Smash,Gin,2 oz ,Carbonated water,1 oz ,Sugar,1 cube ,Mint,4 ,Orange,1 slice ,Cherry,1 ,, ,, ,, ,, ,, ,,,,,,,,
Banana Strawberry Shake Daiquiri-type,Strawberries,1/2 lb frozen ,Banana,1 frozen ,Apple juice,2 cups fresh ,, ,, ,, ,, ,, ,,,,,,,,,,,,,,
Martini,Gin,1 2/3 oz ,Dry Vermouth,1/3 oz ,Olive,1 ,, ,, ,, ,, ,, ,,,,,,,,,,,,,,
Arizona Twister,Vodka,1 shot ,Malibu rum,1 shot ,Gold tequila,1 shot ,Orange juice,1 splash ,Pineapple juice,1 splash ,Cream of coconut,1 splash ,Grenadine,1 dash ,Ice,crushed ,Pineapple,1 wedge ,, ,, ,, ,, ,, ,,
Bombay Cassis,Gin,50 ml,Creme de Cassis,20 ml,Fresh Lime Juice,15 ml,Ginger beer,75 ml,Lime,1,Ginger,1 long strip,,,,,,,,,,,,,,,,,,
Mai Tai,Light rum,1 oz ,Orgeat syrup,1/2 oz ,Triple sec,1/2 oz ,Sweet and sour,1 1/2 oz ,Cherry,1 ,, ,, ,, ,, ,, ,,,,,,,,,,
Amaretto Mist,Amaretto,1 1/2 oz ,Lime,1 ,, ,, ,, ,, ,, ,,,,,,,,,,,,,,,,
Scottish Highland Liqueur,Johnnie Walker,1 fifth ,Honey,1 1/2 cup mild ,Angelica root,2 tsp dried and chopped ,Fennel seeds,1/4 tsp crushed ,Lemon peel,2 2 inch strips ,, ,, ,, ,, ,, ,,,,,,,,,,
Grand Blue,Malibu rum,1 1/2 cl ,Peach schnapps,1 1/2 cl ,Blue Curacao,1 1/2 cl ,Sweet and sour,3 cl ,, ,, ,, ,, ,, ,,,,,,,,,,,,
Kioki Coffee,Kahlua,1 oz ,Brandy,1/2 oz ,Coffee,"
",,"
",,"
",,"
",,"
",,"
",,,,,,,,,,,,,,
Damned if you do,Whiskey,0.75 oz ,Hot Damn,0.25 oz ,, ,, ,, ,, ,, ,,,,,,,,,,,,,,,,
Iced Coffee Fillip,Kahlua,2 tsp ,Coffee,Strong cold ,, ,, ,, ,, ,, ,,,,,,,,,,,,,,,,
Butter Baby,Vanilla Ice-Cream,2 scoops ,Butterscotch schnapps,1 part ,Milk,full glass ,Vodka,2 parts ,,"
",,"
",,"
",,,,,,,,,,,,,,,,
Bellini,Champagne,6 oz ,Peach schnapps,1 oz ,, ,, ,, ,, ,, ,,,,,,,,,,,,,,,,
Jack's Vanilla Coke,Ice,4-5 ,Tennessee whiskey,2 oz ,Vanilla extract,1 tsp ,Coca-Cola,10-12 oz ,, ,, ,, ,, ,, ,,,,,,,,,,,,
Mary Pickford,Light rum,1 1/2 oz ,Pineapple juice,1 oz ,Maraschino liqueur,1/2 tsp ,Grenadine,1/2 tsp ,Maraschino cherry,1 ,, ,, ,, ,, ,, ,,,,,,,,,,
Flaming Lamborghini,Kahlua,1 oz ,Sambuca,1 oz ,Blue Curacao,1 oz ,Bailey's irish cream,1 oz ,, ,, ,, ,, ,, ,,,,,,,,,,,,
Thriller,Scotch,1 1/2 oz ,Wine,1 oz Green Ginger ,Orange juice,1 oz ,, ,, ,, ,, ,, ,,,,,,,,,,,,,,
Moranguito,Absinthe,2/5 ,Tequila,2/5 ,Grenadine,1/5 ,, ,, ,, ,, ,, ,,,,,,,,,,,,,,
ABC,Amaretto,1/3 ,Bailey's irish cream,1/3 ,Cognac,1/3 ,, ,, ,, ,, ,, ,,,,,,,,,,,,,,
Orangeade,Lemon juice,5 cl ,Orange juice,15 cl ,Sugar syrup,2-3 cl ,Soda water,"
",,"
",,"
",,"
",,"
",,"
",,,,,,,,,,,,
Adonis Cocktail,Sweet Vermouth,3/4 oz ,Sherry,1 1/2 oz dry ,Orange bitters,1 dash ,, ,, ,, ,, ,, ,,,,,,,,,,,,,,
Coffee Liqueur,Coffee,10 tblsp instant ,Vanilla extract,4 tblsp ,Sugar,2 1/2 cups ,Vodka,1 qt ,Water,2 1/2 cups ,, ,, ,, ,, ,, ,,,,,,,,,,
Atlantic Sun,Vodka,2 cl Smirnoff ,Southern Comfort,2 cl ,Passion fruit syrup,2 cl ,Sweet and sour,6 cl ,Club soda,1 dash ,, ,, ,, ,, ,, ,,,,,,,,,,
Quarter Deck Cocktail,Light rum,1 1/2 ,Sherry,1/3 oz cream ,Lime,Juice of 1/2 ,, ,, ,, ,, ,, ,,,,,,,,,,,,,,
Zambeer,Sambuca,1 1/2 oz ,Root beer,Add 10 oz ,Ice," cubes
",,"
",,"
",,"
",,"
",,"
",,,,,,,,,,,,,,
Rose,Dry Vermouth,1/2 oz ,Gin,1 oz ,Apricot brandy,1/2 oz ,Lemon juice,1/2 tsp ,Grenadine,1 tsp ,Powdered sugar,,,,,,,,,,,,,,,,,,,
Arizona Antifreeze,Vodka,1/3 oz ,Midori melon liqueur,1/3 oz ,Sweet and sour,1/3 oz ,, ,, ,, ,, ,, ,,,,,,,,,,,,,,
Mimosa,Champagne,Chilled ,Orange juice,2 oz ,, ,, ,, ,, ,, ,,,,,,,,,,,,,,,,
Negroni,Gin,1 oz ,Campari,1 oz ,Sweet Vermouth,1 oz ,, ,, ,, ,, ,, ,,,,,,,,,,,,,,
Holloween Punch,Grape juice,"
",Carbonated soft drink,", orange
",Sherbet, ,Sherbet, ,, ,, ,, ,,,,,,,,,,,,,,,,
A Night In Old Mandalay,Light rum,1 oz ,Añejo rum,1 oz ,Orange juice,1 oz ,Lemon juice,1/2 oz ,Ginger ale,3 oz ,Lemon peel,1 twist of ,, ,, ,, ,, ,, ,,,,,,,,
Amaretto Stinger,Amaretto,1 1/2 oz ,White Creme de Menthe,3/4 oz ,, ,, ,, ,, ,, ,,,,,,,,,,,,,,,,
Whisky Mac,Scotch,1 1/2 oz ,Wine,1 oz Green Ginger ,, ,, ,, ,, ,, ,,,,,,,,,,,,,,,,
Lady Love Fizz,Gin,2 oz ,Light cream,2 tsp ,Powdered sugar,1 tsp ,Lemon,Juice of 1/2 ,Egg white,1 ,Carbonated water,"
",,"
",,"
",,"
",,"
",,"
",,,,,,,,
Royal Flush,Crown Royal,1 1/2 oz ,Peach schnapps,1 oz ,Chambord raspberry liqueur,1/2 oz ,Cranberry juice,1 oz ,, ,, ,, ,, ,, ,,,,,,,,,,,,
Irish Russian,Vodka,1 shot ,Kahlua,1 shot ,Coca-Cola,1 dash ,Guinness stout,Fill with ,, ,, ,, ,, ,, ,,,,,,,,,,,,
Corpse Reviver #2,Gin,3/4 oz,Triple Sec,3/4 oz,Lillet Blanc,3/4 oz,Lemon Juice,3/4 oz,Absinthe,1 dash,,,,,,,,,,,,,,,,,,,,
Algonquin,Blended whiskey,1 1/2 oz ,Dry Vermouth,1 oz ,Pineapple juice,1 oz ,, ,, ,, ,, ,, ,,,,,,,,,,,,,,
Victor,Gin,1 1/2 oz ,Sweet Vermouth,1/2 oz ,Brandy,1/2 oz ,, ,, ,, ,, ,, ,,,,,,,,,,,,,,
1-900-FUK-MEUP,Absolut Kurant,1/2 oz ,Grand Marnier,1/4 oz ,Chambord raspberry liqueur,1/4 oz ,Midori melon liqueur,1/4 oz ,Malibu rum,1/4 oz ,Amaretto,1/4 oz ,Cranberry juice,1/2 oz ,Pineapple juice,1/4 oz ,, ,, ,, ,, ,, ,,,,
A Piece of Ass,Amaretto,1 shot ,Southern Comfort,1 shot ,Ice," cubes
",Sour mix,"
",,"
",,"
",,"
",,"
",,"
",,,,,,,,,,,,
Rum Cooler,Rum,2 oz light or dark ,Lemon-lime soda,4 oz ,Lemon,1 ,, ,, ,, ,, ,, ,,,,,,,,,,,,,,
Americano,Campari,1 oz ,Sweet Vermouth,1 oz red ,Lemon peel,Twist of ,Orange peel,Twist of ,, ,, ,, ,, ,, ,,,,,,,,,,,,
Russian Spring Punch,Vodka,2.5 cl,Creme de Cassis,1.5 cl,Sugar Syrup,1 cl,Lemon Juice,2.5 cl,,,, ,, ,,,,,,,,,,,,,,,,
Tennesee Mud,Coffee,8 oz ,Jack Daniels,4 oz ,Amaretto,4 oz ,Whipped cream,"
",,"
",,"
",,"
",,"
",,"
",,,,,,,,,,,,
Espresso Martini,Vodka,5 cl,Kahlua,1 cl,Sugar syrup,1 dash,,,,,,,,,,,,,,,,,,,,,,,,
Amaretto Tea,Tea,6 oz hot ,Amaretto,2 oz ,Whipped cream,Chilled ,, ,, ,, ,, ,, ,,,,,,,,,,,,,,
Snake Bite (UK),Lager,1/2 pint ,Cider,1/2 pint sweet or dry ,, ,, ,, ,, ,, ,,,,,,,,,,,,,,,,
Daiquiri,Light rum,1 1/2 oz ,Lime,Juice of 1/2 ,Powdered sugar,1 tsp ,, ,, ,, ,, ,, ,,,,,,,,,,,,,,
Kentucky B And B,Bourbon,2 oz ,Benedictine,1/2 oz ,, ,, ,, ,, ,, ,,,,,,,,,,,,,,,,
Microwave Hot Cocoa,Sugar,5 tblsp ,Cocoa powder,3 tblsp ,Salt,1 dash ,Water,3 tblsp hot ,Milk,2 cups ,Vanilla extract,1/4 tsp ,, ,, ,, ,, ,, ,,,,,,,,
Kiss me Quick,Cranberry vodka,4 cl ,Apfelkorn,2 cl ,Schweppes Russchian,7 cl ,Apple juice,8 cl ,Ice," cubes
",,"
",,"
",,"
",,"
",,"
",,,,,,,,,,
Space Odyssey,151 proof rum,1 shot Bacardi ,Malibu rum,1 shot ,Pineapple juice,1 shot ,Orange juice,"
",Grenadine,"
",Cherries, ,, ,, ,, ,, ,,,,,,,,,,
Banana Strawberry Shake,Strawberries,1/2 lb frozen ,Banana,1 frozen ,Yoghurt,1 cup plain ,Milk,1 cup ,Honey," to taste
",,"
",,"
",,"
",,"
",,"
",,,,,,,,,,
Apple Pie with A Crust,Apple juice,3 parts ,Malibu rum,1 part ,Cinnamon,3 dashes ,, ,, ,, ,, ,, ,,,,,,,,,,,,,,
Jelly Bean,Blackberry brandy,1 oz ,Anis,1 oz ,, ,, ,, ,, ,, ,,,,,,,,,,,,,,,,
Salty Dog,Grapefruit juice,5 oz ,Gin,1 1/2 oz ,Salt,1/4 tsp ,, ,, ,, ,, ,, ,,,,,,,,,,,,,,
English Highball,Brandy,3/4 oz ,Gin,3/4 oz ,Sweet Vermouth,3/4 oz ,Carbonated water,"
",Lemon peel,"
",,"
",,"
",,"
",,"
",,"
",,,,,,,,,,
Freddy Kruger,Jägermeister,1/2 oz ,Sambuca,1/2 oz ,Vodka,1/2 oz ,, ,, ,, ,, ,, ,,,,,,,,,,,,,,
Imperial Fizz,Light rum,1/2 oz ,Blended whiskey,1 1/2 oz ,Lemon,Juice of 1/2 ,Powdered sugar,1 tsp ,Carbonated water,"
",,"
",,"
",,"
",,"
",,"
",,,,,,,,,,
A Splash of Nash,Cranberry juice,2 oz ,Soda water,2 oz ,Midori melon liqueur,0.5 oz ,Creme de Banane,0.5 oz ,, ,, ,, ,, ,, ,,,,,,,,,,,,
Pineapple Gingerale Smoothie,Ginger,1/4 inch ,Pineapple,1/2 ,, ,, ,, ,, ,, ,,,,,,,,,,,,,,,,
Royal Bitch,Frangelico,1 part ,Crown Royal,1 part ,, ,, ,, ,, ,, ,,,,,,,,,,,,,,,,
Darkwood Sling,Cherry Heering,1 part ,Soda water,1 part ,Orange juice,1 part ,Ice," cubes
",,"
",,"
",,"
",,"
",,"
",,,,,,,,,,,,
Red Snapper,Crown Royal,1 shot ,Amaretto,1 shot ,Cranberry juice,1 shot ,, ,, ,, ,, ,, ,,,,,,,,,,,,,,
Limeade,Lime,Juice of 1 ,Sugar,1 tblsp ,Soda water," (seltzer water)
",Lime peel, ,, ,, ,, ,, ,,,,,,,,,,,,,,
Tequila Sunrise,Tequila,2 measures ,Orange juice,,Grenadine,,,,,,,,,,,,,,,,,,,,,,,,,
Sidecar Cocktail,Brandy,1 oz ,Triple sec,1/2 oz ,Lemon,Juice of 1/4 ,, ,, ,, ,, ,, ,,,,,,,,,,,,,,
Brandy Cobbler,Sugar,1 tsp superfine ,Club soda,3 oz ,Lemon,1 ,Brandy,2 oz ,Maraschino cherry,1 ,Orange,1 ,, ,, ,, ,, ,, ,,,,,,,,
Queen Charlotte,Red wine,2 oz ,Grenadine,1 oz ,Lemon-lime soda,"
",,"
",,"
",,"
",,"
",,"
",,,,,,,,,,,,,,
Chocolate Drink,Chocolate,125 gr,Milk,3/4 L ,Water,,,,,,,,,,,,,,,,,,,,,,,,,
Bacardi Cocktail,Light rum,1 3/4 oz Bacardi ,Lime juice,1 oz ,Sugar syrup,1/2 tsp ,Grenadine,1 dash ,, ,, ,, ,, ,, ,,,,,,,,,,,,
B-53,Kahlua,1/3 shot ,Sambuca,1/3 shot ,Grand Marnier,1/3 shot ,, ,, ,, ,, ,, ,,,,,,,,,,,,,,
B-52,Bailey's irish cream,1/3 ,Grand Marnier,1/3 ,Kahlua,1/4 ,, ,, ,, ,, ,, ,,,,,,,,,,,,,,
Valencia Cocktail,Apricot brandy,1 1/2 oz ,Orange juice,1 tblsp ,Orange bitters,2 dashes ,, ,, ,, ,, ,, ,,,,,,,,,,,,,,
Atomic Lokade,Lemonade,5 oz ,Vodka,1 oz ,Blue Curacao,1/2 oz ,Triple sec,1/2 oz ,Sugar,"
",Ice, ,, ,, ,, ,, ,,,,,,,,,,
Absinthe #2,Vodka,1 bottle ,Sugar,50 gr ,Anise,50 ml pure ,Licorice root,1 tblsp ,Wormwood,1 ,, ,, ,, ,, ,, ,,,,,,,,,,
Surf City Lifesaver,Ouzo,1 part ,Bailey's irish cream,1 part ,Gin,2 parts ,Grand Marnier,1/2 part ,, ,, ,, ,, ,, ,,,,,,,,,,,,
AT&amp;T;,Absolut Vodka,1 oz ,Gin,1 oz ,Tonic water,4 oz ,, ,, ,, ,, ,, ,,,,,,,,,,,,,,
Queen Elizabeth,Dry Vermouth,1/2 oz ,Gin,1 1/2 oz ,Benedictine,1 1/2 tsp ,, ,, ,, ,, ,, ,,,,,,,,,,,,,,
Army special,Vodka,30 ml ,Gin,30 ml ,Lime juice cordial,45 ml ,Ice,1/2 glass crushed ,, ,, ,, ,, ,, ,,,,,,,,,,,,
Turkeyball,Wild Turkey,1 oz ,Amaretto,3/4 oz ,Pineapple juice,1 splash ,, ,, ,, ,, ,, ,,,,,,,,,,,,,,
Absolut Sex,Absolut Kurant,3/4 oz ,Midori melon liqueur,3/4 oz ,Cranberry juice,1 oz ,Sprite,1 splash ,, ,, ,, ,, ,, ,,,,,,,,,,,,
Allegheny,Dry Vermouth,1 oz ,Bourbon,1 oz ,Blackberry brandy,1 1/2 tsp ,Lemon juice,1 1/2 tsp ,Lemon peel,1 twist of ,, ,, ,, ,, ,, ,,,,,,,,,,
Sangria - The World's Best,Red wine,1 1/2 L ,Sugar,1 cup ,Lemon,1 large ,Orange,1 large ,Apple,1 large ,Brandy,3-4 oz plain ,Soda water,"
",,"
",,"
",,"
",,"
",,"
",,,,,,
French Martini,Vodka,4.5 cl,Raspberry Liqueur,1.5 cl,pineapple juice,1.5 cl,,,,,,,,,,,,,,,,,,,,,,,,
Empellón Cocina's Fat-Washed Mezcal,Mezcal,2 oz,Chocolate liqueur,3/4 oz,Coffee liqueur,1/2 oz,,,,,,,,,,,,,,,,,,,,,,,,
Hot Chocolate to Die for,Chocolate,12 oz fine ,Butter,1 tsp ,Vanilla extract,1/2 tsp ,Half-and-half,1 cup ,Marshmallows,mini ,, ,, ,, ,, ,, ,,,,,,,,,,
Avalanche,Crown Royal,1 shot ,Kahlua,1 shot ,Cream,Fill with ,, ,, ,, ,, ,, ,,,,,,,,,,,,,,
Rum Cobbler,Sugar,1 tsp superfine ,Club soda,3 oz ,Lemon,1 ,Dark rum,2 oz ,Maraschino cherry,1 ,Orange,1 ,, ,, ,, ,, ,, ,,,,,,,,
Amaretto Liqueur,Sugar,1 cup,Water,3/4 cup ,Apricot,2 ,Almond flavoring,1 tblsp ,Grain alcohol,1/2 cup pure ,Water,1/2 cup ,Brandy,1 cup ,Food coloring,3 drops yellow ,Food coloring,6 drops red ,Food coloring,2 drops blue ,Glycerine,1/2 tsp ,, ,, ,, ,, 
French Connection,Cognac,1 1/2 oz ,Amaretto,3/4 oz ,, ,, ,, ,, ,, ,,,,,,,,,,,,,,,,
A True Amaretto Sour,Amaretto,1 jigger ,Lemon,Juice of 1/2 ,Ice,"
",Maraschino cherry, ,, ,, ,, ,, ,,,,,,,,,,,,,,
Limona Corona,Corona,1 bottle ,Bacardi Limon,1 oz ,, ,, ,, ,, ,, ,,,,,,,,,,,,,,,,
White Lady,Gin,4cl,Triple Sec,3cl,Lemon Juice,2cl,,,, ,, ,, ,, ,, ,,,,,,,,,,,,
A Gilligan's Island,Vodka,1 oz ,Peach schnapps,1 oz ,Orange juice,3 oz ,Cranberry juice,3 oz ,, ,, ,, ,, ,, ,,,,,,,,,,,,
Yellow Bird,White Rum,3 cl,Galliano,1.5 cl,Triple Sec,1.5 cl,Lime Juice,1.5 cl,, ,, ,, ,, ,, ,,,,,,,,,,,,
Tomato Tang,Tomato juice,2 cups ,Lemon juice,1-2 tblsp ,Celery salt,1 dash ,, ,, ,, ,, ,, ,,,,,,,,,,,,,,
Cosmopolitan Martini,Cointreau,1/2 oz ,Vodka,1 oz ,Lime,Juice of 1/2 ,Cranberry juice,1 splash ,, ,, ,, ,, ,, ,,,,,,,,,,,,
Baby Guinness,Kahlua,2 1/2 oz ,Bailey's irish cream,1/2 oz ,, ,, ,, ,, ,, ,,,,,,,,,,,,,,,,
Amaretto Sweet &amp; Sour,Amaretto,"
",Sweet and sour,"
",Midori melon liqueur, ,Pineapple juice, ,, ,, ,, ,,,,,,,,,,,,,,,,
Dirty Martini,Vodka,70ml/2fl oz,Dry Vermouth,1 tbsp,Olive Brine,2 tbsp,Lemon,1 wedge,Olive,1,,,,,,,,,,,,,,,,,,,,
Amaretto Rose,Amaretto,1 1/2 oz ,Lime juice,1/2 oz ,Club soda,"
",,"
",,"
",,"
",,"
",,"
",,,,,,,,,,,,,,
A Furlong Too Late,Light rum,2 oz ,Ginger beer,4 oz ,Lemon peel,1 twist of ,, ,, ,, ,, ,, ,,,,,,,,,,,,,,
Vesper,Gin,6 cl,Vodka,1.5 cl,Lillet Blanc,0.75 cl,,,,,, ,, ,,,,,,,,,,,,,,,,
Duchamp's Punch,Pisco,5 cl,Lime Juice,2.5 cl,Pineapple Syrup,2.5 cl,St. Germain,1.5 cl,Angostura Bitters,2 Dashes,Pepper,Pinch,Lavender,2 sprigs,,,,,,,,,,,,,,,,
Banana Daiquiri,Light rum,1 1/2 oz ,Triple sec,1 tblsp ,Banana,1 ,Lime juice,1 1/2 oz ,Sugar,1 tsp ,Cherry,1 ,, ,, ,, ,, ,, ,,,,,,,,
Gin Sling,Gin,2 oz ,Lemon,Juice of 1/2 ,Powdered sugar,1 tsp ,Water,1 tsp ,Orange peel,Twist of ,, ,, ,, ,, ,, ,,,,,,,,,,
Port Wine Flip,Port,1 1/2 oz ,Light cream,2 tsp ,Powdered sugar,1 tsp ,Egg,1 whole ,Nutmeg,"
",,"
",,"
",,"
",,"
",,"
",,,,,,,,,,
Adam &amp; Eve,Gin,1 shot ,Cognac,1 shot ,Creme de Cassis,1 shot ,Fresh Lemon Juice,1/8 shot ,,,,,,,,,,,,,,,,,,,,,,
Addison Special,Vodka,1 shot ,Grenadine,1 tblsp ,Orange juice,Fill with ,, ,, ,, ,, ,, ,,,,,,,,,,,,,,
Adam Sunrise,Vodka,1/2 ,Lemonade,1/2 can ,Water,1/2 ,Sugar,10 tsp ,, ,, ,, ,, ,, ,,,,,,,,,,,,
Abbey Cocktail,Gin,1 1/2 oz ,Orange bitters,1 dash ,Orange,Juice of 1/4 ,Cherry,1 ,, ,, ,, ,, ,, ,,,,,,,,,,,,
Salted Toffee Martini,Gin,50 ml ,Chocolate liqueur,30 ml ,Amaretto,15 ml,Chocolate Sauce,Garnish,Salted Chocolate,"Grated
",,"
",,"
",,,,,,,,,,,,,,,,
Vermouth Cassis,Dry Vermouth,1 1/2 oz ,Creme de Cassis,3/4 oz ,Carbonated water,"
",,"
",,"
",,"
",,"
",,"
",,,,,,,,,,,,,,
Bluebird,Gin,1 1/2 oz ,Triple sec,1/2 oz ,Blue Curacao,1/2 oz ,Bitters,2 dashes ,Maraschino cherry,1 ,Lemon peel,1 twist of ,, ,, ,, ,, ,, ,,,,,,,,
Cream Soda,Spiced rum,1 oz ,Ginger ale,"
",,"
",,"
",,"
",,"
",,"
",,,,,,,,,,,,,,,,
Bourbon Sling,Sugar,1 tsp superfine ,Water,2 tsp ,Lemon juice,1 oz ,Bourbon,2 oz ,Lemon peel,1 twist of ,, ,, ,, ,, ,, ,,,,,,,,,,
Oatmeal Cookie,Kahlua,2 parts,Bailey,2 parts,Butterscotch schnapps,4 parts,Jagermeister,1 part,Goldschlager,1/2 part,,,,,,,,,,,,,,,,,,,,
Drinking Chocolate,Heavy cream,2 oz ,Milk,6-8 oz ,Cinnamon,1 stick ,Vanilla,1 ,Chocolate,2 oz finely chopped dark ,Whipped cream,Fresh ,, ,, ,, ,, ,, ,,,,,,,,
Orange Push-up,Spiced rum,1.5 oz ,Grenadine,0.5 oz ,Orange juice,4 oz ,Sour mix,1 splash ,, ,, ,, ,, ,, ,,,,,,,,,,,,
Melya,Espresso,"
",Honey,Unsweetened ,Cocoa powder, ,, ,, ,, ,, ,,,,,,,,,,,,,,,,
Sex on the Beach,Vodka,1 oz ,Peach schnapps,3/4 oz ,Cranberry juice,,Grapefruit juice, ,, ,, ,, ,, ,,,,,,,,,,,,,,
Bumble Bee #1,Bailey's irish cream,1/3 oz ,Kahlua,1/3 oz ,Sambuca,1/3 oz ,, ,, ,, ,, ,, ,,,,,,,,,,,,,,
Zinger,Peachtree schnapps,4 shots ,Surge,4 shots ,, ,, ,, ,, ,, ,,,,,,,,,,,,,,,,
Absolut Stress #2,Absolut Vodka,1 1/2 oz ,Peach schnapps,1/2 oz ,Coconut liqueur,1/2 oz ,Cranberry juice,1 1/2 oz ,Pineapple juice,1 1/2 oz ,, ,, ,, ,, ,, ,,,,,,,,,,
Grizzly Bear,Amaretto,1 part ,Jägermeister,1 part ,Kahlua,1 part ,Milk,2 1/2 parts ,, ,, ,, ,, ,, ,,,,,,,,,,,,
Godmother,Vodka,1 1/2 oz ,Amaretto,3/4 oz ,, ,, ,, ,, ,, ,,,,,,,,,,,,,,,,
Nutty Irishman,Bailey's irish cream,1 part ,Frangelico,1 part ,Milk,1 part ,, ,, ,, ,, ,, ,,,,,,,,,,,,,,
Just a Moonmint,Milk,2 cups ,Chocolate syrup,"
",Mint syrup,"
",,"
",,"
",,"
",,"
",,"
",,,,,,,,,,,,,,
Blue Margarita,Tequila,1 1/2 oz ,Blue Curacao,1 oz ,Lime juice,1 oz ,Salt,Coarse ,, ,, ,, ,, ,, ,,,,,,,,,,,,
Ruby Tuesday,Gin,2 oz ,Cranberry juice,5 oz ,Grenadine,2 splashes ,, ,, ,, ,, ,, ,,,,,,,,,,,,,,
Boomerang,Gin,2 oz ,Dry Vermouth,1/2 oz ,Bitters,2 dashes ,Maraschino liqueur,1/2 tsp ,Maraschino cherry,1 ,, ,, ,, ,, ,, ,,,,,,,,,,
Kentucky Colonel,Bourbon,3 oz ,Benedictine,1/2 oz ,Lemon peel,1 twist of ,, ,, ,, ,, ,, ,,,,,,,,,,,,,,
Alfie Cocktail,Lemon vodka,1 1/2 oz ,Triple sec,1 dash ,Pineapple juice,1 tblsp ,, ,, ,, ,, ,, ,,,,,,,,,,,,,,
Shanghai Cocktail,Light rum,1 oz Jamaican ,Anisette,1 tsp ,Grenadine,1/2 tsp ,Lemon,Juice of 1/4 ,, ,, ,, ,, ,, ,,,,,,,,,,,,
Irish Curdling Cow,Bailey's irish cream,3/4 oz ,Bourbon,3/4 oz ,Vodka,3/4 oz ,Orange juice,2-3 oz ,, ,, ,, ,, ,, ,,,,,,,,,,,,
The Last Word,Green Chartreuse,1 oz,Maraschino Liqueur,1 oz,Lime Juice,1 oz,,,,,,,,,,,,,,,,,,,,,,,,
Zenmeister,Jägermeister,1/2 oz ,Root beer,1/2 oz ,, ,, ,, ,, ,, ,,,,,,,,,,,,,,,,
Brainteaser,Sambuca,30 ml white ,Erin Cream,30 ml ,Advocaat,5 ml ,, ,, ,, ,, ,, ,,,,,,,,,,,,,,
Sweet Bananas,Milk,2 cups ,Banana,1 ,Honey,1 tblsp ,, ,, ,, ,, ,, ,,,,,,,,,,,,,,
151 Florida Bushwacker,Malibu rum,1/2 oz ,Light rum,1/2 oz ,151 proof rum,1/2 oz Bacardi ,Dark Creme de Cacao,1 oz ,Cointreau,1 oz ,Milk,3 oz ,Coconut liqueur,1 oz ,Vanilla ice-cream,1 cup ,, ,, ,, ,, ,, ,,,,
Big Red,Irish cream,1/2 oz ,Goldschlager,1/2 oz ,, ,, ,, ,, ,, ,,,,,,,,,,,,,,,,
Gin Cooler,Gin,2 oz ,Carbonated water,"
",Powdered sugar,"
",Orange spiral,"
",Lemon peel,"
",,"
",,"
",,"
",,"
",,"
",,,,,,,,,,
Vodka Russian,Vodka,2 oz ,Schweppes Russchian,"
",,"
",,"
",,"
",,"
",,"
",,,,,,,,,,,,,,,,
Lunch Box,Beer,3/4 bottle ,Amaretto,1 shot ,Orange juice,1 oz ,, ,, ,, ,, ,, ,,,,,,,,,,,,,,
Coke and Drops,Coca-Cola,1 dl ,Lemon juice,7 drops ,, ,, ,, ,, ,, ,,,,,,,,,,,,,,,,
Zorro,Sambuca,2 cl ,Bailey's irish cream,2 cl ,White Creme de Menthe,2 cl ,, ,, ,, ,, ,, ,,,,,,,,,,,,,,
Frozen Daiquiri,Light rum,1 1/2 oz ,Triple sec,1 tblsp ,Lime juice,1 1/2 oz ,Sugar,1 tsp ,Cherry,1 ,Ice,1 cup crushed ,, ,, ,, ,, ,, ,,,,,,,,
Caribbean Orange Liqueur,Orange,3 large ,Vodka,3 cups ,Sugar,1 1/3 cup superfine ,, ,, ,, ,, ,, ,,,,,,,,,,,,,,
Kamikaze,Vodka,1 oz ,Triple sec,1 oz ,Lime juice,1 oz ,, ,, ,, ,, ,, ,,,,,,,,,,,,,,
Balmoral,Scotch,1 1/2 oz ,Sweet Vermouth,1/2 oz ,Dry Vermouth,1/2 oz ,Bitters,2 dashes ,, ,, ,, ,, ,, ,,,,,,,,,,,,
Adios Amigos Cocktail,Rum,1 shot ,Dry Vermouth,1/2 shot ,Cognac,1/2 shot ,Gin,1/2 shot ,Fresh Lime Juice,1/4 shot,Sugar Syrup,1/4 shot,Water,1/2 shot ,,,,,,,,,,,,,,,,
Kir,Creme de Cassis,1 part ,Champagne,5 parts ,, ,, ,, ,, ,, ,,,,,,,,,,,,,,,,
Alaska Cocktail,Orange bitters,2 dashes ,Gin,1 1/2 oz ,Yellow Chartreuse,3/4 oz ,Lemon peel,Twist of ,, ,, ,, ,, ,, ,,,,,,,,,,,,
Kool-Aid Slammer,Kool-Aid,1/2 oz Grape ,Vodka,1/2 oz ,, ,, ,, ,, ,, ,,,,,,,,,,,,,,,,
Egg-Nog - Classic Cooked,Egg,6 ,Sugar,1/4 cup ,Salt,1/4 tsp ,Milk,1 qt ,Vanilla extract,1 tsp ,, ,, ,, ,, ,, ,,,,,,,,,,
Baby Eskimo,Kahlua,2 oz ,Milk,8 oz ,Vanilla ice-cream,2 scoops ,, ,, ,, ,, ,, ,,,,,,,,,,,,,,
Acapulco,Light rum,1 1/2 oz ,Triple sec,1 1/2 tsp ,Lime juice,1 tblsp ,Sugar,1 tsp ,Egg white,1 ,Mint,1 ,, ,, ,, ,, ,, ,,,,,,,,
Mississippi Planters Punch,Brandy,1 oz ,Light rum,1/2 oz ,Bourbon,1/2 oz ,Lemon,Juice of 1/2 ,Powdered sugar,1 tblsp ,Carbonated water,"
",,"
",,"
",,"
",,"
",,"
",,,,,,,,
Sherry Flip,Sherry,1 1/2 oz cream ,Light cream,2 tsp ,Powdered sugar,1 tsp ,Egg,1 whole ,Nutmeg,"
",,"
",,"
",,"
",,"
",,"
",,,,,,,,,,
Royal Fizz,Gin,1 oz ,Sweet and sour,2 oz ,Egg,1 whole ,Coca-Cola,"
",,"
",,"
",,"
",,"
",,"
",,,,,,,,,,,,
Horse's Neck,Lemon peel,1 long strip ,Brandy,2 oz ,Ginger ale,5 oz ,Bitters,2 dashes ,, ,, ,, ,, ,, ,,,,,,,,,,,,
Gideon's Green Dinosaur,Dark rum,1/2 oz ,Vodka,1/2 oz ,Triple sec,1/2 oz ,Tequila,1/2 oz ,Melon liqueur,1/2 oz ,Mountain Dew,Fill with ,, ,, ,, ,, ,, ,,,,,,,,
Auburn Headbanger,Jägermeister,1 oz ,Goldschlager,1 oz ,, ,, ,, ,, ,, ,,,,,,,,,,,,,,,,
Port And Starboard,Grenadine,1 tblsp ,Green Creme de Menthe,1/2 oz ,, ,, ,, ,, ,, ,,,,,,,,,,,,,,,,
Belgian Blue,Vodka,2 cl ,Coconut liqueur,1 cl ,Blue Curacao,1 cl ,Sprite,Fill with ,, ,, ,, ,, ,, ,,,,,,,,,,,,
Zombie,Rum,1 1/2 oz,Gold rum,1 1/2 oz,151 proof rum,1 oz,Pernod,1 tsp,Grenadine,1 tsp,Lime Juice,1 tsp,Angostura Bitters,1 drop,,,,,,,,,,,,,,,,
Cafe Savoy,Coffee,"
",Milk,1/2 oz ,Triple sec,1/2 oz ,Brandy, ,, ,, ,, ,, ,,,,,,,,,,,,,,
Scotch Cobbler,Scotch,2 oz ,Brandy,4 dashes ,Curacao,4 dashes ,Orange,1 slice ,Mint,1 ,, ,, ,, ,, ,, ,,,,,,,,,,
Clover Club,Gin,1 1/2 oz ,Grenadine,2 tsp ,Lemon,Juice of 1/2 ,Egg white,1 ,, ,, ,, ,, ,, ,,,,,,,,,,,,
GG,Galliano,2 1/2 shots ,Ginger ale,"
",Ice, ,, ,, ,, ,, ,,,,,,,,,,,,,,,,
Pink Lady,Gin,1 1/2 oz ,Grenadine,1 tsp ,Light cream,1 tsp ,Egg white,1 ,, ,, ,, ,, ,, ,,,,,,,,,,,,
Affair,Strawberry schnapps,2 oz ,Orange juice,2 oz ,Cranberry juice,2 oz ,Club soda,"
",,"
",,"
",,"
",,"
",,"
",,,,,,,,,,,,
Flying Dutchman,Gin,2 oz ,Triple sec,1/2 oz ,, ,, ,, ,, ,, ,,,,,,,,,,,,,,,,
Caribbean Boilermaker,Corona,1 bottle ,Light rum,1 shot ,, ,, ,, ,, ,, ,,,,,,,,,,,,,,,,
Zoksel,Beer,"
",Root beer,"
",Lemonade,"
",Coca-Cola," slice
",7-Up,"
",Creme de Cassis,"
",Lemon,"
",,"
",,"
",,,,,,,,,,,,
Dry Rob Roy,Scotch,2 1/2 oz ,Dry Vermouth,1 1/2 tsp ,Lemon peel,1 twist of ,, ,, ,, ,, ,, ,,,,,,,,,,,,,,
Vampiro,Tequila,6 cl,Tomato Juice,3 cl,Orange Juice,3 cl,Lime Juice,1.5 cl,Sugar Syrup,1 dash,Salt,1 pinch,, ,,,,,,,,,,,,,,,,
Van Vleet,Light rum,3 oz ,Maple syrup,1 oz ,Lemon juice,1 oz ,, ,, ,, ,, ,, ,,,,,,,,,,,,,,
Egg Cream,Chocolate syrup,2 tblsp ,Milk,6 oz whole ,Soda water,6 oz ,, ,, ,, ,, ,, ,,,,,,,,,,,,,,
Harvey Wallbanger,Vodka,1 oz ,Galliano,1/2 oz ,Orange juice,4 oz ,, ,, ,, ,, ,, ,,,,,,,,,,,,,,
The Evil Blue Thing,Creme de Cacao,1 1/2 oz ,Blue Curacao,1 oz ,Light rum,1/2 oz ,, ,, ,, ,, ,, ,,,,,,,,,,,,,,
Highland Fling Cocktail,Scotch,1 1/2 oz ,Sweet Vermouth,3/4 oz ,Orange bitters,2 dashes ,Olive,1 ,, ,, ,, ,, ,, ,,,,,,,,,,,,
Kir Royale,Creme de Cassis,1 part ,Champagne,5 parts ,, ,, ,, ,, ,, ,,,,,,,,,,,,,,,,
Vodka And Tonic,Vodka,2 oz ,Tonic water,"
",,"
",,"
",,"
",,"
",,"
",,,,,,,,,,,,,,,,
Addison,Gin,1 1/2 shot ,Vermouth,1 1/2 shot ,,"
",,"
",,"
",,"
",,"
",,,,,,,,,,,,,,,,
Cuba Libra,Dark rum,1-2 shot ,Lime,Squeeze ,Coca-Cola,Fill with ,Ice,"
",,"
",,"
",,"
",,"
",,"
",,,,,,,,,,,,
Popped cherry,Vodka,2 oz ,Cherry liqueur,2 oz ,Cranberry juice,4 oz ,Orange juice,4 oz ,, ,, ,, ,, ,, ,,,,,,,,,,,,
After Supper Cocktail,Triple sec,1 oz ,Apricot brandy,1 oz ,Lemon juice,1/2 tsp ,, ,, ,, ,, ,, ,,,,,,,,,,,,,,
Gentleman's Club,Gin,1 1/2 oz ,Brandy,1 oz ,Sweet Vermouth,1 oz ,Club soda,1 oz ,, ,, ,, ,, ,, ,,,,,,,,,,,,
Jack Rose Cocktail,Apple brandy,1 1/2 oz ,Grenadine,1 tsp ,Lime,Juice of 1/2 ,, ,, ,, ,, ,, ,,,,,,,,,,,,,,
Arctic Mouthwash,Maui,5 oz blue ,Mountain Dew,5 oz ,Ice," cubes
",,"
",,"
",,"
",,"
",,"
",,,,,,,,,,,,,,
Brandy Sour,Brandy,2 oz ,Lemon,Juice of 1/2 ,Powdered sugar,1/2 tsp ,Lemon,1/2 slice ,Cherry,1 ,, ,, ,, ,, ,, ,,,,,,,,,,
Bible Belt,Southern Comfort,2 oz ,Triple sec,1/2 oz ,Lime,2 wedges ,Sour mix,2 oz ,, ,, ,, ,, ,, ,,,,,,,,,,,,
Chocolate Milk,Chocolate liqueur,1/2 shot ,Milk,1/2 shot ,Amaretto,1 dash ,, ,, ,, ,, ,, ,,,,,,,,,,,,,,
Boston Sidecar,Light rum,3/4 oz ,Brandy,3/4 oz ,Triple sec,3/4 oz ,Lime,Juice of 1/2 ,, ,, ,, ,, ,, ,,,,,,,,,,,,
155 Belmont,Dark rum,1 shot ,Light rum,2 shots ,Vodka,1 shot ,Orange juice,1 shot ,, ,, ,, ,, ,, ,,,,,,,,,,,,
A. J.,Applejack,1 1/2 oz ,Grapefruit juice,1 oz ,, ,, ,, ,, ,, ,,,,,,,,,,,,,,,,
Girl From Ipanema,Cachaca,25 ml,Lemon Juice,15 ml,Agave Syrup,10 ml,Champagne,top up with,,,,,,,,,,,,,,,,,,,,,,
Midnight Manx,Kahlua,1 oz ,Bailey's irish cream,1 oz ,Goldschlager,dash ,Heavy cream,2 oz ,Coffee,2 oz Hazlenut ,, ,, ,, ,, ,, ,,,,,,,,,,
Martinez Cocktail,Gin,1 oz ,Dry Vermouth,1 oz ,Triple sec,1/4 tsp ,Orange bitters,1 dash ,Cherry,1 ,, ,, ,, ,, ,, ,,,,,,,,,,
French 75,Gin,1 1/2 oz ,Sugar,2 tsp superfine ,Lemon juice,1 1/2 oz ,Champagne,4 oz Chilled ,Orange,1 ,Maraschino cherry,1 ,, ,, ,, ,, ,, ,,,,,,,,
Pegu Club,Gin,1 1/2 oz,Orange Curacao,3/4 oz,Lime Juice,3/4 oz,Angostura Bitters,1 dash,Orange Bitters,1 dash,,,,,,,,,,,,,,,,,,,,
Frisco Sour,Blended whiskey,2 oz ,Benedictine,1/2 oz ,Lemon,Juice of 1/4 ,Lime,Juice of 1/2 ,Lemon,1 slice ,Lime,1 slice ,, ,, ,, ,, ,, ,,,,,,,,
Zizi Coin-coin,Cointreau,5 cl ,Lemon juice,2 cl ,Ice," cubes
",Lemon," or lime
",,"
",,"
",,"
",,"
",,"
",,,,,,,,,,,,
Radioactive Long Island Iced Tea,Rum,1 oz ,Vodka,1 oz ,Tequila,1 oz ,Gin,1 oz ,Triple sec,1 oz ,Chambord raspberry liqueur,1 oz ,Midori melon liqueur,1 oz ,Malibu rum,1 oz ,, ,, ,, ,, ,, ,,,,
Bermuda Highball,Brandy,3/4 oz ,Gin,3/4 oz ,Dry Vermouth,3/4 oz ,Carbonated water,"
",Lemon peel,"
",,"
",,"
",,"
",,"
",,"
",,,,,,,,,,
Archbishop,Gin,2 oz ,Wine,1 oz Green Ginger ,Benedictine,1 tsp ,Lime,1 ,, ,, ,, ,, ,, ,,,,,,,,,,,,
Rum Toddy,Rum,2 oz light or dark ,Powdered sugar,2 tsp ,Lemon peel,1 twist of ,Water,2 tsp ,, ,, ,, ,, ,, ,,,,,,,,,,,,
Sangria #1,Red wine,1 bottle ,Sugar,1/2 cup ,Orange juice,1 cup ,Lemon juice,1 cup ,Cloves,"
",Cinnamon, ,, ,, ,, ,, ,,,,,,,,,,
Banana Milk Shake,Milk,10 cl cold ,Orange juice,4 cl ,Sugar syrup,2 tsp ,Banana,1/2 ,, ,, ,, ,, ,, ,,,,,,,,,,,,
Strawberry Lemonade,Lemon,Juice of 1 ,Sugar,1 tblsp ,Strawberries,8-10 ripe ,Water,1 cup ,, ,, ,, ,, ,, ,,,,,,,,,,,,
Quick-sand,Black Sambuca,25 ml ,Orange juice,Add 250 ml ,, ,, ,, ,, ,, ,,,,,,,,,,,,,,,,
Apple Slammer,7-Up,1 part ,Apple schnapps,1 part ,, ,, ,, ,, ,, ,,,,,,,,,,,,,,,,
Brandy Alexander,Brandy,1 oz ,Creme de Cacao,1 oz white ,Light cream,1 oz ,Nutmeg,"
",,"
",,"
",,"
",,"
",,"
",,,,,,,,,,,,
Screaming Orgasm,Vodka,1 oz ,Bailey's irish cream,1 1/2 oz ,Kahlua,1/2 oz ,, ,, ,, ,, ,, ,,,,,,,,,,,,,,
Aviation,Gin,4.5 cl,lemon juice,1.5 cl,maraschino liqueur,1.5 cl,,,,,,,,,,,,,,,,,,,,,,,,
Victory Collins,Vodka,1 1/2 oz ,Lemon juice,3 oz ,Grape juice,3 oz unsweetened ,Powdered sugar,1 tsp ,Orange,1 slice ,, ,, ,, ,, ,, ,,,,,,,,,,
Black &amp; Tan,Ale,1 part Bass pale ,Guinness stout,1 part ,, ,, ,, ,, ,, ,,,,,,,,,,,,,,,,
Ziemes Martini Apfelsaft,Vermouth,4 cl ,Apple juice,16 cl ,, ,, ,, ,, ,, ,,,,,,,,,,,,,,,,
252,151 proof rum,1/2 shot Bacardi ,Wild Turkey,1/2 shot ,, ,, ,, ,, ,, ,,,,,,,,,,,,,,,,
Ipamena,Lime,½,Brown sugar,2 tsp,Passion fruit juice,4 cl,Ginger ale,top up with,Ice,fill,,,,,,,,,,,,,,,,,,,,
Bailey's Dream Shake,Bailey's irish cream,2 oz ,Vanilla ice-cream,2 scoops ,Cream,"
",,"
",,"
",,"
",,"
",,"
",,,,,,,,,,,,,,
Bourbon Sour,Bourbon,2 oz ,Lemon juice,1 oz ,Sugar,1/2 tsp superfine ,Orange,1 ,Maraschino cherry,1 ,, ,, ,, ,, ,, ,,,,,,,,,,
Coffee-Vodka,Water,2 cups ,Sugar,2 cups white ,Coffee,1/2 cup instant ,Vanilla,1/2 ,Vodka,1 1/2 cup ,Caramel coloring,"
",,"
",,"
",,"
",,"
",,"
",,,,,,,,
Amaretto Sunset,Triple sec,1/2 jigger ,Amaretto,3 shots ,Cider,1/2 cup ,Ice,Add 1/2 cup ,, ,, ,, ,, ,, ,,,,,,,,,,,,
Whitecap Margarita,Ice,1 cup ,Tequila,2 oz ,Cream of coconut,1/4 cup ,Lime juice,3 tblsp fresh ,, ,, ,, ,, ,, ,,,,,,,,,,,,
Frozen Pineapple Daiquiri,Light rum,1 1/2 oz ,Pineapple,4 chunks ,Lime juice,1 tblsp ,Sugar,1/2 tsp ,, ,, ,, ,, ,, ,,,,,,,,,,,,
Mother's Milk,Goldschlager,1 oz ,Butterscotch schnapps,1 oz ,Milk,1 oz ,, ,, ,, ,, ,, ,,,,,,,,,,,,,,
Downshift,Fruit punch,2 part ,Sprite,1 part ,Tequila,2 shots ,151 proof rum,Float Bacardi ,, ,, ,, ,, ,, ,,,,,,,,,,,,
Thai Iced Tea,Tea,1/4 cup Thai ,Water,1/2 cup boiling ,Condensed milk,2 tsp sweetened ,Ice," cubes
",Mint, ,, ,, ,, ,, ,,,,,,,,,,,,
Apricot punch,Apricot brandy,1 qt ,Champagne,4 fifth ,Vodka,1 fifth ,7-Up,4 L ,Orange juice,1/2 gal ,, ,, ,, ,, ,, ,,,,,,,,,,
Spritz,Prosecco,6 cl,Campari,4 cl,Soda Water,splash,,,,,, ,, ,,,,,,,,,,,,,,,,
Spiking coffee,Coffee,"
",Cinnamon, ,, ,, ,, ,, ,,,,,,,,,,,,,,,,,,
Fuzzy Asshole,Coffee,1/2 ,Peach schnapps,1/2 ,, ,, ,, ,, ,, ,,,,,,,,,,,,,,,,
Midnight Cowboy,Bourbon,2 oz ,Dark rum,1 oz ,Heavy cream,1/2 oz ,, ,, ,, ,, ,, ,,,,,,,,,,,,,,
Almeria,Dark rum,2 oz ,Kahlua,1 oz ,Egg white,1 ,, ,, ,, ,, ,, ,,,,,,,,,,,,,,
San Francisco,Vodka,2 cl ,Creme de Banane,2 cl ,Grenadine,"
",Orange juice, ,, ,, ,, ,, ,,,,,,,,,,,,,,
Gin Sour,Gin,2 oz ,Lemon juice,1 oz ,Sugar,1/2 tsp superfine ,Orange,1 ,Maraschino cherry,1 ,, ,, ,, ,, ,, ,,,,,,,,,,
Rum Screwdriver,Light rum,1 1/2 oz ,Orange juice,5 oz ,, ,, ,, ,, ,, ,,,,,,,,,,,,,,,,
Snowball,Advocaat,1 1/2 oz ,Lemonade,8-10 oz cold ,Lemon,1 slice ,Ice," cubes
",,"
",,"
",,"
",,"
",,"
",,,,,,,,,,,,
Hot Creamy Bush,Irish whiskey,1 shot ,Bailey's irish cream,3/4 shot ,Coffee,6 oz hot ,, ,, ,, ,, ,, ,,,,,,,,,,,,,,
Artillery Punch,Tea,1 quart black ,Rye whiskey,1 quart ,Red wine,1 fifth ,Rum,1 pint Jamaican ,Brandy,1/2 pint ,Benedictine,1 1/2 oz ,Orange juice,1 pint ,Lemon juice,1/2 pint ,, ,, ,, ,, ,, ,,,,
Mango Orange Smoothie,Mango,1 ,Orange,2 ,, ,, ,, ,, ,, ,,,,,,,,,,,,,,,,
Blackthorn,Sweet Vermouth,1 oz ,Sloe gin,1 1/2 oz ,Lemon peel,1 twist of ,, ,, ,, ,, ,, ,,,,,,,,,,,,,,
Orange Oasis,Cherry brandy,1/2 oz ,Gin,1 1/2 oz ,Orange juice,4 oz ,Ginger ale,"
",,"
",,"
",,"
",,"
",,"
",,,,,,,,,,,,
50/50,Vanilla vodka,2 1/2 oz ,Grand Marnier,1 splash ,Orange juice,Fill with ,, ,, ,, ,, ,, ,,,,,,,,,,,,,,
Strawberry Margarita,Strawberry schnapps,1/2 oz ,Tequila,1 oz ,Triple sec,1/2 oz ,Lemon juice,1 oz ,Strawberries,1 oz ,Salt,"
",,"
",,"
",,"
",,"
",,"
",,,,,,,,
Quentin,Dark rum,1 1/2 oz ,Kahlua,1/2 oz ,Light cream,1 oz ,Nutmeg,1/8 tsp grated ,, ,, ,, ,, ,, ,,,,,,,,,,,,
Banana Cantaloupe Smoothie,Cantaloupe,Juice of 1/2 ,Banana,1 ,, ,, ,, ,, ,, ,,,,,,,,,,,,,,,,
410 Gone,Peach Vodka,2-3 oz,Coca-Cola,,,,,,,,,,,,,,,,,,,,,,,,,,,
Sherry Eggnog,Sherry,2 oz cream ,Powdered sugar,1 tsp ,Egg,1 whole ,Milk,"
",Nutmeg, ,, ,, ,, ,, ,,,,,,,,,,,,
Old Pal,Rye whiskey,2 oz,Campari,1 oz,Dry Vermouth,1 oz,,,,,,,,,,,,,,,,,,,,,,,,
City Slicker,Brandy,2 oz ,Triple sec,1/2 oz ,Lemon juice,1 tblsp ,, ,, ,, ,, ,, ,,,,,,,,,,,,,,
Tequila Surprise,Tequila,full glass ,Tabasco sauce,About 8 drops ,, ,, ,, ,, ,, ,,,,,,,,,,,,,,,,
Vesuvio,Light rum,1 oz ,Sweet Vermouth,1/2 oz ,Lemon,Juice of 1/2 ,Powdered sugar,1 tsp ,Egg white,1 ,, ,, ,, ,, ,, ,,,,,,,,,,
Sol Y Sombra,Brandy,1 1/2 oz ,Anisette,1 1/2 oz ,, ,, ,, ,, ,, ,,,,,,,,,,,,,,,,
Amaretto Shake,Chocolate ice-cream,2 scoops ,Brandy,2 oz ,Amaretto,2 oz ,, ,, ,, ,, ,, ,,,,,,,,,,,,,,
New York Sour,Blended whiskey,2 oz ,Lemon,Juice of 1/2 ,Sugar,1 tsp ,Red wine," (Claret)
",Lemon,"
",Cherry,"
",,"
",,"
",,"
",,"
",,"
",,,,,,,,
Zima Blaster,Zima,12 oz ,Chambord raspberry liqueur,3 oz ,, ,, ,, ,, ,, ,,,,,,,,,,,,,,,,
Thai Coffee,Coffee,6 tblsp ground,Coriander,1/4 tsp ,Cardamom,4-5 whole green ,Sugar,,Whipping cream,,Ice,,,,,,,,,,,,,,,,,,,
Apple Grande,Tequila,3 oz ,Apple cider,12 oz ,, ,, ,, ,, ,, ,,,,,,,,,,,,,,,,
Gagliardo,Peach Vodka,5 parts ,Lemon juice,3 parts ,Galliano,1 part ,Sirup of roses,1 part ,, ,, ,, ,, ,, ,,,,,,,,,,,,
London Town,Gin,1 1/2 oz ,Maraschino liqueur,1/2 oz ,Orange bitters,2 dashes ,, ,, ,, ,, ,, ,,,,,,,,,,,,,,
Rail Splitter,Sugar syrup,2 tsp ,Lemon juice,"
",Ginger ale, ,, ,, ,, ,, ,,,,,,,,,,,,,,,,
Apple Berry Smoothie,Berries,1 cup ,Apple,2 ,, ,, ,, ,, ,, ,,,,,,,,,,,,,,,,
Irish Coffee,Irish whiskey,1 1/2 oz ,Coffee,8 oz ,Sugar,1 tsp ,Whipped cream,1 tblsp ,, ,, ,, ,, ,, ,,,,,,,,,,,,
Allies Cocktail,Dry Vermouth,1 oz ,Gin,1 oz ,Kummel,1/2 tsp ,, ,, ,, ,, ,, ,,,,,,,,,,,,,,
Addington,Sweet Vermouth,2 shots ,Dry Vermouth,1 shot ,Soda Water,"Top up with
",,"
",,"
",,"
",,"
",,,,,,,,,,,,,,,,
Apple Karate,Apple juice,2 cups ,Carrot,1 large ,, ,, ,, ,, ,, ,,,,,,,,,,,,,,,,
Bruce's Puce,Grenadine,"
",Kahlua,"
",Bailey's irish cream,"
",,"
",,"
",,"
",,"
",,,,,,,,,,,,,,,,
Afterglow,Grenadine,1 part ,Orange juice,4 parts ,Pineapple juice,4 parts ,, ,, ,, ,, ,, ,,,,,,,,,,,,,,
Loch Lomond,Scotch,2 oz ,Drambuie,1/2 oz ,Dry Vermouth,1/2 oz ,Lemon peel,1 twist of ,, ,, ,, ,, ,, ,,,,,,,,,,,,
Fruit Cooler,Apple juice,1 can frozen ,Strawberries,1 cup ,Sugar,2 tblsp ,Lemon,1 ,Apple,1 ,Soda water,1 L ,Ice,"
",,"
",,"
",,"
",,"
",,"
",,,,,,
H.D.,Whisky,4 cl ,Bailey's irish cream,8 cl ,Coffee,"
",,"
",,"
",,"
",,"
",,"
",,,,,,,,,,,,,,
Egg Nog #4,Egg yolk,6 ,Sugar,1/4 cup ,Milk,2 cups ,Light rum,1/2 cup ,Bourbon,1/2 cup ,Vanilla extract,1 tsp ,Salt,1/4 tsp ,Whipping cream,1 cup ,Egg white,6 ,Sugar,1/4 cup ,Nutmeg,Ground ,, ,, ,, ,, 
Bruised Heart,Vodka,1/2 oz ,Chambord raspberry liqueur,1/2 oz ,Peachtree schnapps,1/2 oz ,Cranberry juice,1/2 oz ,, ,, ,, ,, ,, ,,,,,,,,,,,,
Pisco Sour,Pisco,2 oz ,Lemon juice,1 oz ,Sugar,1-2 tblsp ,Ice,,,,,,,,,,,,,,,,,,,,,,,
Adam Bomb,Rum,1 part ,Vodka,1 part ,Tequila,1 part ,Triple sec,1/2 part ,Fruit,"
",Ice,"
",Salt,1-3 pint ,Fruit juice, ,, ,, ,, ,, ,,,,,,
Arizona Stingers,Absolut Vodka,2 shots ,Iced tea,12 oz lemon ,, ,, ,, ,, ,, ,,,,,,,,,,,,,,,,
747,Kahlua,1/3 part ,Bailey's irish cream,1/3 part ,Frangelico,1/3 part ,, ,, ,, ,, ,, ,,,,,,,,,,,,,,
Irish Cream,Scotch,1 cup ,Half-and-half,1 1/4 cup ,Condensed milk,1 can sweetened ,Coconut syrup,3 drops ,Chocolate syrup,1 tblsp ,, ,, ,, ,, ,, ,,,,,,,,,,
Fruit Flip-Flop,Yoghurt,1 cup ,Fruit juice,1 cup ,, ,, ,, ,, ,, ,,,,,,,,,,,,,,,,
Danbooka,Coffee,3 parts ,Everclear,1 part ,, ,, ,, ,, ,, ,,,,,,,,,,,,,,,,
